station_id;hardware;board_id
0000BF86;TAPMV4.0;77SL3800150
0000BF87;TAPMV4.0;77SL3800149
0000BF81;TAPMV4.0;77SL3800155
0000BF57;TAPMV4.0;77SL3800295
0000BF69;TAPMV4.0;77SL3800115
0000BF37;TAPMV4.0;77SL3800348
0000EB12;TAPMV4.0;77SL4901877
0000BF4D;TAPMV4.0;77SL3800291
0000BF33;TAPMV4.0;77SL3800334
0000BF5D;TAPMV4.0;77SL3800141
0000BF84;TAPMV4.0;77SL3800152
0000BF3B;TAPMV4.0;77SL3800109
0000BF26;TAPMV4.0;77SL3800322
0000BF70;TAPMV4.0;77SL3800279
0000BF27;TAPMV4.0;77SL3800319
0000BF72;TAPMV4.0;77SL3800277
0000BF25;TAPMV4.0;77SL3800323
0000BF1E;TAPMV4.0;77SL3800317
0000BF8C;TAPMV4.0;77SL3800168
0000BF17;TAPMV4.0;77SL3800313
0000BF8D;TAPMV4.0;77SL3800167
0000BF22;TAPMV4.0;77SL3800326
0000BF30;TAPMV4.0;77SL3800337
0000BF4C;TAPMV4.0;77SL3800318
0000BF46;TAPMV4.0;77SL3800302
0000BF8B;TAPMV4.0;77SL3800145
0000BF1D;TAPMV4.0;77SL3800331
0000BF7F;TAPMV4.0;77SL3800133
0000BF4B;TAPMV4.0;77SL3800297
0000BF1B;TAPMV4.0;77SL3800309
0000BF61;TAPMV4.0;77SL3800121
0000BF77;TAPMV4.0;77SL3800261
0000BF38;TAPMV4.0;77SL3800347
0000BF48;TAPMV4.0;77SL3800300
0000BF65;TAPMV4.0;77SL3800111
0000BF56;TAPMV4.0;77SL3800294
0000BF44;TAPMV4.0;77SL3800304
0000BF4E;TAPMV4.0;77SL3800290
0000BF68;TAPMV4.0;77SL3800114
0000BF63;TAPMV4.0;77SL3800123
0000BF3A;TAPMV4.0;77SL3800130
0000BF83;TAPMV4.0;77SL3800153
0000BF8A;TAPMV4.0;77SL3800146
0000BF29;TAPMV4.0;77SL3800344
0000BF7B;TAPMV4.0;77SL3800293
0000BF43;TAPMV4.0;77SL3800305
0000BF2D;TAPMV4.0;77SL3800340
0000BF32;TAPMV4.0;77SL3800335
0000BF7C;TAPMV4.0;77SL3800136
0000BF54;TAPMV4.0;77SL3800286
0000BF5A;TAPMV4.0;77SL3800138
0000BF64;TAPMV4.0;77SL3800110
0000BF20;TAPMV4.0;77SL3800328
0000BF23;TAPMV4.0;77SL3800325
0000BF31;TAPMV4.0;77SL3800336
0000BF66;TAPMV4.0;77SL3800112
0000BF52;TAPMV4.0;77SL3800307
0000BF92;TAPMV4.0;77SL3800162
0000BF2C;TAPMV4.0;77SL3800341
0000BF90;TAPMV4.0;77SL3800164
0000BF71;TAPMV4.0;77SL3800278
0000BF88;TAPMV4.0;77SL3800148
0000BF91;TAPMV4.0;77SL3800163
0000BF21;TAPMV4.0;77SL3800327
0000BF3E;TAPMV4.0;77SL3800129
0000BF14;TAPMV4.0;77SL3800315
0000C048;TAPMV4.0;77SL4800203
0000BFE4;TAPMV4.0;77SL4800147
0000C00B;TAPMV4.0;77SL4800162
0000BFFF;TAPMV4.0;77SL4800027
0000BFE5;TAPMV4.0;77SL4800190
0000BFAD;TAPMV4.0;77SL4800108
0000C046;TAPMV4.0;77SL4800200
0000BFAE;TAPMV4.0;77SL4800107
0000BFE9;TAPMV4.0;77SL4800198
0000C032;TAPMV4.0;77SL4800213
0000C004;TAPMV4.0;77SL4800022
0000C067;TAPMV4.0;77SL4800070
0000BFFB;TAPMV4.0;77SL4800030
0000C063;TAPMV4.0;77SL4800217
0000C04A;TAPMV4.0;77SL4800201
0000BFF5;TAPMV4.0;77SL4800035
0000BFBF;TAPMV4.0;77SL4800079
0000BFB8;TAPMV4.0;77SL4800096
0000C01A;TAPMV4.0;77SL4800177
0000BFFC;TAPMV4.0;77SL4800029
0000C012;TAPMV4.0;77SL4800167
0000C019;TAPMV4.0;77SL4800172
0000C049;TAPMV4.0;77SL4800202
0000C06B;TAPMV4.0;77SL4800066
0000C009;TAPMV4.0;77SL4800158
0000C00D;TAPMV4.0;77SL4800160
0000C034;TAPMV4.0;77SL4800155
0000C02A;TAPMV4.0;77SL4800191
0000C00C;TAPMV4.0;77SL4800161
0000BFCA;TAPMV4.0;77SL4800131
0000C007;TAPMV4.0;77SL4800013
0000C045;TAPMV4.0;77SL4800196
0000C044;TAPMV4.0;77SL4800197
0000C068;TAPMV4.0;77SL4800069
0000BFF0;TAPMV4.0;77SL4800045
0000BFA3;TAPMV4.0;77SL4800101
0000BFF7;TAPMV4.0;77SL4800037
0000C042;TAPMV4.0;77SL4800050
0000C024;TAPMV4.0;77SL4800185
0000BFAC;TAPMV4.0;77SL4800103
0000C038;TAPMV4.0;77SL4800057
0000C05B;TAPMV4.0;77SL4800077
0000BF58;TAPMV4.0;77SL3800296
0000BF79;TAPMV4.0;77SL3800263
0000BF74;TAPMV4.0;77SL3800275
0000BF78;TAPMV4.0;77SL3800262
0000BF6C;TAPMV4.0;77SL3800118
0000BF28;TAPMV4.0;77SL3800321
0000BF3D;TAPMV4.0;77SL3800131
0000BF51;TAPMV4.0;77SL3800308
0000BF67;TAPMV4.0;77SL3800113
0000BF2E;TAPMV4.0;77SL3800339
0000BF15;TAPMV4.0;77SL3800314
0000BF42;TAPMV4.0;77SL3800125
0000BF5B;TAPMV4.0;77SL3800139
0000BF73;TAPMV4.0;77SL3800276
0000BF45;TAPMV4.0;77SL3800303
0000BF13;TAPMV4.0;77SL3800329
0000BF3F;TAPMV4.0;77SL3800128
0000BF7A;TAPMV4.0;77SL3800292
0000BF53;TAPMV4.0;77SL3800285
0000BF4F;TAPMV4.0;77SL3800289
0000BF36;TAPMV4.0;77SL3800349
0000BF19;TAPMV4.0;77SL3800311
0000BF5E;TAPMV4.0;77SL3800142
0000BF4A;TAPMV4.0;77SL3800298
0000BF50;TAPMV4.0;77SL3800306
0000BF2F;TAPMV4.0;77SL3800338
0000BF16;TAPMV4.0;77SL3800330
0000BF75;TAPMV4.0;77SL3800274
0000BF7E;TAPMV4.0;77SL3800134
0000BF7D;TAPMV4.0;77SL3800135
0000BF35;TAPMV4.0;77SL3800350
0000BF1A;TAPMV4.0;77SL3800310
0000BF6E;TAPMV4.0;77SL3800124
0000BF40;TAPMV4.0;77SL3800127
0000BF6A;TAPMV4.0;77SL3800116
0000BF80;TAPMV4.0;77SL3800156
0000BF1C;TAPMV4.0;77SL3800332
0000BF93;TAPMV4.0;77SL3800161
0000BF82;TAPMV4.0;77SL3800154
0000BF8E;TAPMV4.0;77SL3800166
0000BF8F;TAPMV4.0;77SL3800165
0000BF89;TAPMV4.0;77SL3800147
0000BF6F;TAPMV4.0;77SL3800320
0000BF85;TAPMV4.0;77SL3800151
0000C055;TAPMV4.0;77SL4800008
0000C04B;TAPMV4.0;77SL4800206
0000BFE8;TAPMV4.0;77SL4800194
0000BFA1;TAPMV4.0;77SL4800149
0000C041;TAPMV4.0;77SL4800049
0000BFE7;TAPMV4.0;77SL4800193
0000C060;TAPMV4.0;77SL4800072
0000C04D;TAPMV4.0;77SL4800204
0000BF18;TAPMV4.0;77SL3800312
0000BF5C;TAPMV4.0;77SL3800140
0000C01F;TAPMV4.0;77SL4800178
0000C013;TAPMV4.0;77SL4800171
0000C010;TAPMV4.0;77SL4800163
0000C05C;TAPMV4.0;77SL4800076
0000BF47;TAPMV4.0;77SL3800301
0000BF55;TAPMV4.0;77SL3800284
0000BF24;TAPMV4.0;77SL3800324
0000BF5F;TAPMV4.0;77SL3800143
0000BFBD;TAPMV4.0;77SL4800151
0000C02C;TAPMV4.0;77SL4800208
0000BFC5;TAPMV4.0;77SL4800017
0000BFC9;TAPMV4.0;77SL4800132
0000BFE1;TAPMV4.0;77SL4800143
0000BF6B;TAPMV4.0;77SL3800117
0000BF94;TAPMV4.0;77SL3800160
0000BF34;TAPMV4.0;77SL3800333
0000C06F;TAPMV4.0;77SL4800062
0000C058;TAPMV4.0;77SL4800080
0000BFAF;TAPMV4.0;77SL4800106
0000BFB2;TAPMV4.0;77SL4800102
0000BFC2;TAPMV4.0;77SL4800014
0000BF49;TAPMV4.0;77SL3800299
0000BF2B;TAPMV4.0;77SL3800342
0000BF41;TAPMV4.0;77SL3800126
0000BF1F;TAPMV4.0;77SL3800316
0000BF3C;TAPMV4.0;77SL3800132
0000BF39;TAPMV4.0;77SL3800346
0000BFD3;TAPMV4.0;77SL4800115
0000C00E;TAPMV4.0;77SL4800165
0000BF2A;TAPMV4.0;77SL3800343
0000BF9A;TAPMV4.0;77SL4800087
0000C00F;TAPMV4.0;77SL4800164
0000C065;TAPMV4.0;77SL4800221
0000BFAB;TAPMV4.0;77SL4800104
0000C064;TAPMV4.0;77SL4800220
0000BFCC;TAPMV4.0;77SL4800135
0000C04F;TAPMV4.0;77SL4800002
0000C017;TAPMV4.0;77SL4800174
0000C01B;TAPMV4.0;77SL4800176
0000C05F;TAPMV4.0;77SL4800073
0000C039;TAPMV4.0;77SL4800056
0000C01C;TAPMV4.0;77SL4800175
0000BFCD;TAPMV4.0;77SL4800134
0000BF97;TAPMV4.0;77SL4800019
0000C051;TAPMV4.0;77SL4800004
0000BFBE;TAPMV4.0;77SL4800148
0000BFA4;TAPMV4.0;77SL4800125
0000C01D;TAPMV4.0;77SL4800180
0000C01E;TAPMV4.0;77SL4800179
0000BFC7;TAPMV4.0;77SL4800128
0000BF99;TAPMV4.0;77SL4800086
0000C02D;TAPMV4.0;77SL4800207
0000C008;TAPMV4.0;77SL4800159
0000C035;TAPMV4.0;77SL4800060
0000BFCF;TAPMV4.0;77SL4800138
0000BFA2;TAPMV4.0;77SL4800112
0000BFDB;TAPMV4.0;77SL4800109
0000BFE0;TAPMV4.0;77SL4800144
0000C054;TAPMV4.0;77SL4800007
0000BFB7;TAPMV4.0;77SL4800091
0000BFD9;TAPMV4.0;77SL4800121
0000BFDF;TAPMV4.0;77SL4800100
0000BFD2;TAPMV4.0;77SL4800116
0000C002;TAPMV4.0;77SL4800024
0000C03F;TAPMV4.0;77SL4800047
0000BFCE;TAPMV4.0;77SL4800133
0000BFFE;TAPMV4.0;77SL4800028
0000C036;TAPMV4.0;77SL4800059
0000C062;TAPMV4.0;77SL4800216
0000C05D;TAPMV4.0;77SL4800075
0000C069;TAPMV4.0;77SL4800068
0000BFD0;TAPMV4.0;77SL4800137
0000BFC1;TAPMV4.0;77SL4800097
0000C030;TAPMV4.0;77SL4800210
0000BFF1;TAPMV4.0;77SL4800046
0000BFA9;TAPMV4.0;77SL4800140
0000BFA5;TAPMV4.0;77SL4800124
0000BFA8;TAPMV4.0;77SL4800141
0000BFC8;TAPMV4.0;77SL4800127
0000BFEB;TAPMV4.0;77SL4800040
0000C040;TAPMV4.0;77SL4800048
0000C06C;TAPMV4.0;77SL4800065
0000BF9E;TAPMV4.0;77SL4800084
0000C059;TAPMV4.0;77SL4800081
0000C05A;TAPMV4.0;77SL4800078
0000C028;TAPMV4.0;77SL4800187
0000C003;TAPMV4.0;77SL4800023
0000BF9B;TAPMV4.0;77SL4800090
0000BFE3;TAPMV4.0;77SL4800142
0000BFCB;TAPMV4.0;77SL4800130
0000C00A;TAPMV4.0;77SL4800157
0000BFD6;TAPMV4.0;77SL4800118
0000BFF8;TAPMV4.0;77SL4800038
0000BFF9;TAPMV4.0;77SL4800039
0000C016;TAPMV4.0;77SL4800169
0000C02F;TAPMV4.0;77SL4800211
0000C022;TAPMV4.0;77SL4800181
0000C02E;TAPMV4.0;77SL4800212
0000BFD1;TAPMV4.0;77SL4800117
0000BFE2;TAPMV4.0;77SL4800146
0000BFB4;TAPMV4.0;77SL4800088
0000BF9D;TAPMV4.0;77SL4800083
0000C029;TAPMV4.0;77SL4800192
0000BFDC;TAPMV4.0;77SL4800114
0000C03E;TAPMV4.0;77SL4800052
0000C06D;TAPMV4.0;77SL4800064
0000BFC4;TAPMV4.0;77SL4800016
0000C057;TAPMV4.0;77SL4800010
0000C014;TAPMV4.0;77SL4800166
0000BFF2;TAPMV4.0;77SL4800032
0000C018;TAPMV4.0;77SL4800173
0000BFFD;TAPMV4.0;77SL4800011
0000BF9F;TAPMV4.0;77SL4800145
0000C066;TAPMV4.0;77SL4800071
0000E6A8;TAPMV4.0;77SL4800564
0000E6BF;TAPMV4.0;77SL4800332
0000E6B8;TAPMV4.0;77SL4800404
0000E6A7;TAPMV4.0;77SL4800565
0000E6AF;TAPMV4.0;77SL4800479
0000E6B0;TAPMV4.0;77SL4800484
0000E6B4;TAPMV4.0;77SL4800486
0000E6BB;TAPMV4.0;77SL4800407
0000E66C;TAPMV4.0;77SL4800376
0000E65F;TAPMV4.0;77SL4800443
0000E6F5;TAPMV4.0;77SL4800325
0000E745;TAPMV4.0;77SL4800353
0000E740;TAPMV4.0;77SL4800346
0000E69C;TAPMV4.0;77SL4800463
0000E69B;TAPMV4.0;77SL4800461
0000E744;TAPMV4.0;77SL4800350
0000E644;TAPMV4.0;77SL4800543
0000E751;TAPMV4.0;77SL4800523
0000E627;TAPMV4.0;77SL4800533
0000E759;TAPMV4.0;77SL4800527
0000E69F;TAPMV4.0;77SL4800465
0000E6EC;TAPMV4.0;77SL4800433
0000E675;TAPMV4.0;77SL4800363
0000E659;TAPMV4.0;77SL4800298
0000E75C;TAPMV4.0;77SL4800223
0000E75B;TAPMV4.0;77SL4800222
0000E68E;TAPMV4.0;77SL4800442
0000E64A;TAPMV4.0;77SL4800549
0000E697;TAPMV4.0;77SL4800478
0000E66D;TAPMV4.0;77SL4800375
0000E63A;TAPMV4.0;77SL4800491
0000E773;TAPMV4.0;77SL4800247
0000E69E;TAPMV4.0;77SL4800466
0000E72E;TAPMV4.0;77SL4800508
0000E72D;TAPMV4.0;77SL4800503
0000E757;TAPMV4.0;77SL4800529
0000E683;TAPMV4.0;77SL4800551
0000E640;TAPMV4.0;77SL4800497
0000E694;TAPMV4.0;77SL4800470
0000E720;TAPMV4.0;77SL4800307
0000E6FD;TAPMV4.0;77SL4800417
0000E68D;TAPMV4.0;77SL4800437
0000E642;TAPMV4.0;77SL4800539
0000E699;TAPMV4.0;77SL4800477
0000E67C;TAPMV4.0;77SL4800548
0000E71A;TAPMV4.0;77SL4800516
0000E64F;TAPMV4.0;77SL4800288
0000E747;TAPMV4.0;77SL4800333
0000E668;TAPMV4.0;77SL4800372
0000E666;TAPMV4.0;77SL4800450
0000E727;TAPMV4.0;77SL4800304
0000E639;TAPMV4.0;77SL4800492
0000E716;TAPMV4.0;77SL4800514
0000E685;TAPMV4.0;77SL4800553
0000E67A;TAPMV4.0;77SL4800370
0000E570;TAPMV4.0;77SL4800911
0000E6CB;TAPMV4.0;77SL4800271
0000E6AE;TAPMV4.0;77SL4800567
0000E5B6;TAPMV4.0;77SL4800767
0000E74A;TAPMV4.0;77SL4800336
0000E73C;TAPMV4.0;77SL4800344
0000E6C8;TAPMV4.0;77SL4800456
0000E6D2;TAPMV4.0;77SL4800277
0000E6D1;TAPMV4.0;77SL4800278
0000E603;TAPMV4.0;77SL4800946
0000E695;TAPMV4.0;77SL4800473
0000E6D0;TAPMV4.0;77SL4800275
0000E5FB;TAPMV4.0;77SL4800597
0000E6C9;TAPMV4.0;77SL4800455
0000E6CD;TAPMV4.0;77SL4800273
0000E5AE;TAPMV4.0;77SL4800764
0000E592;TAPMV4.0;77SL4800817
0000E674;TAPMV4.0;77SL4800364
0000E5DA;TAPMV4.0;77SL4800667
0000E597;TAPMV4.0;77SL4800812
0000E701;TAPMV4.0;77SL4800351
0000E568;TAPMV4.0;77SL4800930
0000E5B3;TAPMV4.0;77SL4800762
0000E605;TAPMV4.0;77SL4800952
0000E60A;TAPMV4.0;77SL4800935
0000E67E;TAPMV4.0;77SL4800557
0000E6F2;TAPMV4.0;77SL4800329
0000E5E0;TAPMV4.0;77SL4800832
0000E6CE;TAPMV4.0;77SL4800233
0000E76F;TAPMV4.0;77SL4800243
0000E635;TAPMV4.0;77SL4800261
0000E630;TAPMV4.0;77SL4800266
0000E760;TAPMV4.0;77SL4800230
0000E5ED;TAPMV4.0;77SL4800739
0000E563;TAPMV4.0;77SL4800631
0000E529;TAPMV4.0;77SL4800866
0000E5B2;TAPMV4.0;77SL4800763
0000E5F2;TAPMV4.0;77SL4800582
0000E738;TAPMV4.0;77SL4800388
0000E72B;TAPMV4.0;77SL4800505
0000E722;TAPMV4.0;77SL4800311
0000E5E9;TAPMV4.0;77SL4800822
0000E5E6;TAPMV4.0;77SL4800825
0000E736;TAPMV4.0;77SL4800384
0000E73B;TAPMV4.0;77SL4800391
0000E619;TAPMV4.0;77SL4800600
0000E5F4;TAPMV4.0;77SL4800584
0000E61A;TAPMV4.0;77SL4800954
0000E591;TAPMV4.0;77SL4800818
0000E60B;TAPMV4.0;77SL4800939
0000E604;TAPMV4.0;77SL4800950
0000E6E2;TAPMV4.0;77SL4800322
0000E6E1;TAPMV4.0;77SL4800321
0000E6F4;TAPMV4.0;77SL4800326
0000E6DF;TAPMV4.0;77SL4800318
0000E6D7;TAPMV4.0;77SL4800284
0000E59C;TAPMV4.0;77SL4800688
0000E5BA;TAPMV4.0;77SL4800721
0000E594;TAPMV4.0;77SL4800815
0000E600;TAPMV4.0;77SL4800951
0000E60C;TAPMV4.0;77SL4800938
0000E60F;TAPMV4.0;77SL4800943
0000E739;TAPMV4.0;77SL4800387
0000C04C;TAPMV4.0;77SL4800205
0000C031;TAPMV4.0;77SL4800214
0000C053;TAPMV4.0;77SL4800006
0000BFDD;TAPMV4.0;77SL4800113
0000C027;TAPMV4.0;77SL4800188
0000BFF3;TAPMV4.0;77SL4800031
0000BFB9;TAPMV4.0;77SL4800095
0000BFFA;TAPMV4.0;77SL4800042
0000C006;TAPMV4.0;77SL4800012
0000BFD7;TAPMV4.0;77SL4800123
0000BFD5;TAPMV4.0;77SL4800119
0000BFA7;TAPMV4.0;77SL4800136
0000C033;TAPMV4.0;77SL4800154
0000BFBC;TAPMV4.0;77SL4800153
0000BFDE;TAPMV4.0;77SL4800139
0000BFE6;TAPMV4.0;77SL4800195
0000BFB1;TAPMV4.0;77SL4800110
0000C056;TAPMV4.0;77SL4800009
0000BFB5;TAPMV4.0;77SL4800093
0000BF96;TAPMV4.0;77SL4800020
0000C015;TAPMV4.0;77SL4800170
0000BFBA;TAPMV4.0;77SL4800094
0000C005;TAPMV4.0;77SL4800021
0000C023;TAPMV4.0;77SL4800186
0000C037;TAPMV4.0;77SL4800058
0000C025;TAPMV4.0;77SL4800184
0000E633;TAPMV4.0;77SL4800264
0000E6AD;TAPMV4.0;77SL4800566
0000E6C0;TAPMV4.0;77SL4800409
0000E631;TAPMV4.0;77SL4800268
0000E6BC;TAPMV4.0;77SL4800406
0000E6B7;TAPMV4.0;77SL4800489
0000E6BE;TAPMV4.0;77SL4800408
0000E748;TAPMV4.0;77SL4800337
0000E741;TAPMV4.0;77SL4800345
0000E651;TAPMV4.0;77SL4800290
0000E76B;TAPMV4.0;77SL4800258
0000E710;TAPMV4.0;77SL4800396
0000E71D;TAPMV4.0;77SL4800518
0000E728;TAPMV4.0;77SL4800502
0000E6A0;TAPMV4.0;77SL4800464
0000E71B;TAPMV4.0;77SL4800515
0000E714;TAPMV4.0;77SL4800510
0000E6FA;TAPMV4.0;77SL4800416
0000E76A;TAPMV4.0;77SL4800259
0000E62E;TAPMV4.0;77SL4800569
0000E62C;TAPMV4.0;77SL4800532
0000E684;TAPMV4.0;77SL4800552
0000E71C;TAPMV4.0;77SL4800519
0000E663;TAPMV4.0;77SL4800447
0000E688;TAPMV4.0;77SL4800435
0000E67D;TAPMV4.0;77SL4800558
0000E667;TAPMV4.0;77SL4800449
0000E670;TAPMV4.0;77SL4800378
0000E665;TAPMV4.0;77SL4800451
0000E649;TAPMV4.0;77SL4800550
0000E673;TAPMV4.0;77SL4800365
0000E74C;TAPMV4.0;77SL4800340
0000E71F;TAPMV4.0;77SL4800308
0000E68A;TAPMV4.0;77SL4800436
0000E721;TAPMV4.0;77SL4800306
0000E67B;TAPMV4.0;77SL4800369
0000E75E;TAPMV4.0;77SL4800227
0000E696;TAPMV4.0;77SL4800481
0000E6F8;TAPMV4.0;77SL4800414
0000E64D;TAPMV4.0;77SL4800286
0000E74F;TAPMV4.0;77SL4800459
0000E755;TAPMV4.0;77SL4800525
0000E72A;TAPMV4.0;77SL4800500
0000E65C;TAPMV4.0;77SL4800301
0000E56B;TAPMV4.0;77SL4800927
0000E54C;TAPMV4.0;77SL4800677
0000E63C;TAPMV4.0;77SL4800495
0000E71E;TAPMV4.0;77SL4800303
0000E68F;TAPMV4.0;77SL4800441
0000E54B;TAPMV4.0;77SL4800678
0000E768;TAPMV4.0;77SL4800256
0000E713;TAPMV4.0;77SL4800401
0000E65E;TAPMV4.0;77SL4800305
0000E593;TAPMV4.0;77SL4800816
0000E65B;TAPMV4.0;77SL4800300
0000E6D6;TAPMV4.0;77SL4800279
0000E56F;TAPMV4.0;77SL4800923
0000E54A;TAPMV4.0;77SL4800689
0000E559;TAPMV4.0;77SL4800734
0000E5B0;TAPMV4.0;77SL4800760
0000E56C;TAPMV4.0;77SL4800926
0000E62F;TAPMV4.0;77SL4800269
0000E74B;TAPMV4.0;77SL4800341
0000E565;TAPMV4.0;77SL4800641
0000E5B5;TAPMV4.0;77SL4800766
0000E5E7;TAPMV4.0;77SL4800824
0000E5E4;TAPMV4.0;77SL4800827
0000E6B2;TAPMV4.0;77SL4800482
0000E5EA;TAPMV4.0;77SL4800821
0000E58C;TAPMV4.0;77SL4800622
0000E601;TAPMV4.0;77SL4800949
0000E65A;TAPMV4.0;77SL4800297
0000E6D8;TAPMV4.0;77SL4800283
0000E6DD;TAPMV4.0;77SL4800319
0000E60E;TAPMV4.0;77SL4800942
0000E6E7;TAPMV4.0;77SL4800426
0000E6F1;TAPMV4.0;77SL4800328
0000E61C;TAPMV4.0;77SL4800961
0000E5FF;TAPMV4.0;77SL4800948
0000E5FD;TAPMV4.0;77SL4800944
0000E5F5;TAPMV4.0;77SL4800586
0000E5FA;TAPMV4.0;77SL4800588
0000E609;TAPMV4.0;77SL4800934
0000E58D;TAPMV4.0;77SL4800621
0000E6C3;TAPMV4.0;77SL4800474
0000E6F6;TAPMV4.0;77SL4800412
0000E6EB;TAPMV4.0;77SL4800430
0000E6DC;TAPMV4.0;77SL4800320
0000E75A;TAPMV4.0;77SL4800225
0000E60D;TAPMV4.0;77SL4800940
0000E6FB;TAPMV4.0;77SL4800419
0000E50C;TAPMV4.0;77SL4800785
0000E5A9;TAPMV4.0;77SL4800879
0000E617;TAPMV4.0;77SL4800598
0000E621;TAPMV4.0;77SL4800963
0000E5D4;TAPMV4.0;77SL4800794
0000E6F3;TAPMV4.0;77SL4800324
0000E533;TAPMV4.0;77SL4800751
0000E585;TAPMV4.0;77SL4800630
0000E5AA;TAPMV4.0;77SL4800880
0000E5AC;TAPMV4.0;77SL4800882
0000E59F;TAPMV4.0;77SL4800685
0000E576;TAPMV4.0;77SL4800905
0000E578;TAPMV4.0;77SL4800902
0000E52E;TAPMV4.0;77SL4800755
0000E57B;TAPMV4.0;77SL4800922
0000C026;TAPMV4.0;77SL4800189
0000C03C;TAPMV4.0;77SL4800051
0000BFDA;TAPMV4.0;77SL4800126
0000C011;TAPMV4.0;77SL4800168
0000C047;TAPMV4.0;77SL4800199
0000C05E;TAPMV4.0;77SL4800074
0000BF9C;TAPMV4.0;77SL4800082
0000BFBB;TAPMV4.0;77SL4800099
0000C020;TAPMV4.0;77SL4800183
0000C001;TAPMV4.0;77SL4800025
0000C021;TAPMV4.0;77SL4800182
0000BFEA;TAPMV4.0;77SL4800041
0000BFAA;TAPMV4.0;77SL4800105
0000BFC3;TAPMV4.0;77SL4800015
0000C03D;TAPMV4.0;77SL4800053
0000BFED;TAPMV4.0;77SL4800043
0000BFEC;TAPMV4.0;77SL4800044
0000BF98;TAPMV4.0;77SL4800085
0000BFF4;TAPMV4.0;77SL4800036
0000BFB0;TAPMV4.0;77SL4800111
0000C02B;TAPMV4.0;77SL4800209
0000C03B;TAPMV4.0;77SL4800054
0000C04E;TAPMV4.0;77SL4800001
0000BFB3;TAPMV4.0;77SL4800089
0000BFD4;TAPMV4.0;77SL4800120
0000BFC6;TAPMV4.0;77SL4800018
0000BFB6;TAPMV4.0;77SL4800092
0000BFF6;TAPMV4.0;77SL4800034
0000BFA0;TAPMV4.0;77SL4800150
0000C052;TAPMV4.0;77SL4800005
0000BFC0;TAPMV4.0;77SL4800098
0000E6A9;TAPMV4.0;77SL4800563
0000E6BA;TAPMV4.0;77SL4800402
0000E656;TAPMV4.0;77SL4800295
0000E6A6;TAPMV4.0;77SL4800560
0000E6C1;TAPMV4.0;77SL4800410
0000E6BD;TAPMV4.0;77SL4800405
0000E6A4;TAPMV4.0;77SL4800562
0000E657;TAPMV4.0;77SL4800294
0000E626;TAPMV4.0;77SL4800538
0000C03A;TAPMV4.0;77SL4800055
0000C043;TAPMV4.0;77SL4800033
0000BFA6;TAPMV4.0;77SL4800129
0000C000;TAPMV4.0;77SL4800026
0000E655;TAPMV4.0;77SL4800296
0000E65D;TAPMV4.0;77SL4800302
0000E6AB;TAPMV4.0;77SL4800480
0000E6AA;TAPMV4.0;77SL4800568
0000E6B6;TAPMV4.0;77SL4800490
0000E6A1;TAPMV4.0;77SL4800469
0000E73E;TAPMV4.0;77SL4800342
0000E698;TAPMV4.0;77SL4800476
0000E669;TAPMV4.0;77SL4800373
0000E752;TAPMV4.0;77SL4800522
0000E643;TAPMV4.0;77SL4800544
0000E742;TAPMV4.0;77SL4800348
0000E70C;TAPMV4.0;77SL4800394
0000E73D;TAPMV4.0;77SL4800343
0000E743;TAPMV4.0;77SL4800349
0000E67F;TAPMV4.0;77SL4800559
0000E645;TAPMV4.0;77SL4800542
0000E735;TAPMV4.0;77SL4800385
0000E73F;TAPMV4.0;77SL4800347
0000E746;TAPMV4.0;77SL4800334
0000E74D;TAPMV4.0;77SL4800339
0000E6F9;TAPMV4.0;77SL4800415
0000E671;TAPMV4.0;77SL4800381
0000E707;TAPMV4.0;77SL4800357
0000E687;TAPMV4.0;77SL4800431
0000E66E;TAPMV4.0;77SL4800380
0000E6C2;TAPMV4.0;77SL4800413
0000E761;TAPMV4.0;77SL4800229
0000E66F;TAPMV4.0;77SL4800379
0000E62D;TAPMV4.0;77SL4800570
0000E703;TAPMV4.0;77SL4800355
0000E629;TAPMV4.0;77SL4800534
0000E704;TAPMV4.0;77SL4800356
0000E625;TAPMV4.0;77SL4800537
0000E749;TAPMV4.0;77SL4800338
0000E628;TAPMV4.0;77SL4800535
0000E70A;TAPMV4.0;77SL4800390
0000E641;TAPMV4.0;77SL4800540
0000E6FE;TAPMV4.0;77SL4800421
0000E63F;TAPMV4.0;77SL4800498
0000E682;TAPMV4.0;77SL4800556
0000E672;TAPMV4.0;77SL4800362
0000E718;TAPMV4.0;77SL4800512
0000E706;TAPMV4.0;77SL4800358
0000E662;TAPMV4.0;77SL4800448
0000E70E;TAPMV4.0;77SL4800398
0000E66A;TAPMV4.0;77SL4800374
0000E6A5;TAPMV4.0;77SL4800561
0000E700;TAPMV4.0;77SL4800352
0000E679;TAPMV4.0;77SL4800371
0000E758;TAPMV4.0;77SL4800528
0000E708;TAPMV4.0;77SL4800361
0000E650;TAPMV4.0;77SL4800289
0000E63B;TAPMV4.0;77SL4800494
0000E6FC;TAPMV4.0;77SL4800418
0000E75D;TAPMV4.0;77SL4800224
0000E75F;TAPMV4.0;77SL4800226
0000E70D;TAPMV4.0;77SL4800393
0000E637;TAPMV4.0;77SL4800488
0000E64C;TAPMV4.0;77SL4800287
0000E719;TAPMV4.0;77SL4800517
0000E690;TAPMV4.0;77SL4800440
0000E6E5;TAPMV4.0;77SL4800424
0000E712;TAPMV4.0;77SL4800400
0000E72C;TAPMV4.0;77SL4800504
0000E653;TAPMV4.0;77SL4800292
0000E732;TAPMV4.0;77SL4800382
0000E72F;TAPMV4.0;77SL4800507
0000E769;TAPMV4.0;77SL4800255
0000E66B;TAPMV4.0;77SL4800377
0000E724;TAPMV4.0;77SL4800309
0000E725;TAPMV4.0;77SL4800313
0000E638;TAPMV4.0;77SL4800493
0000E636;TAPMV4.0;77SL4800263
0000E64B;TAPMV4.0;77SL4800282
0000E62A;TAPMV4.0;77SL4800530
0000E750;TAPMV4.0;77SL4800520
0000E664;TAPMV4.0;77SL4800446
0000E69D;TAPMV4.0;77SL4800462
0000E623;TAPMV4.0;77SL4800541
0000E69A;TAPMV4.0;77SL4800458
0000E702;TAPMV4.0;77SL4800354
0000E68B;TAPMV4.0;77SL4800439
0000E624;TAPMV4.0;77SL4800536
0000E64E;TAPMV4.0;77SL4800285
0000E652;TAPMV4.0;77SL4800293
0000E677;TAPMV4.0;77SL4800367
0000E647;TAPMV4.0;77SL4800546
0000E5E5;TAPMV4.0;77SL4800826
0000E59D;TAPMV4.0;77SL4800687
0000E6C5;TAPMV4.0;77SL4800453
0000E5B1;TAPMV4.0;77SL4800759
0000E763;TAPMV4.0;77SL4800231
0000E691;TAPMV4.0;77SL4800472
0000E5B9;TAPMV4.0;77SL4800720
0000E648;TAPMV4.0;77SL4800545
0000E6D4;TAPMV4.0;77SL4800281
0000E6C7;TAPMV4.0;77SL4800457
0000E6CF;TAPMV4.0;77SL4800274
0000E766;TAPMV4.0;77SL4800257
0000E6FF;TAPMV4.0;77SL4800420
0000E6B5;TAPMV4.0;77SL4800485
0000E569;TAPMV4.0;77SL4800931
0000E731;TAPMV4.0;77SL4800511
0000E717;TAPMV4.0;77SL4800513
0000E6B3;TAPMV4.0;77SL4800487
0000E607;TAPMV4.0;77SL4800936
0000E608;TAPMV4.0;77SL4800937
0000E770;TAPMV4.0;77SL4800245
0000E6D5;TAPMV4.0;77SL4800280
0000E767;TAPMV4.0;77SL4800252
0000E5EB;TAPMV4.0;77SL4800820
0000E6CC;TAPMV4.0;77SL4800270
0000E58F;TAPMV4.0;77SL4800729
0000E6DE;TAPMV4.0;77SL4800312
0000E762;TAPMV4.0;77SL4800228
0000E5B4;TAPMV4.0;77SL4800765
0000E56E;TAPMV4.0;77SL4800924
0000E52F;TAPMV4.0;77SL4800757
0000E56D;TAPMV4.0;77SL4800925
0000E5FE;TAPMV4.0;77SL4800945
0000E59B;TAPMV4.0;77SL4800680
0000E561;TAPMV4.0;77SL4800633
0000E5DF;TAPMV4.0;77SL4800833
0000E5D9;TAPMV4.0;77SL4800668
0000E52A;TAPMV4.0;77SL4800864
0000E58B;TAPMV4.0;77SL4800623
0000E562;TAPMV4.0;77SL4800632
0000E566;TAPMV4.0;77SL4800933
0000E5D7;TAPMV4.0;77SL4800791
0000E528;TAPMV4.0;77SL4800865
0000E5D8;TAPMV4.0;77SL4800790
0000E6B9;TAPMV4.0;77SL4800403
0000E765;TAPMV4.0;77SL4800253
0000E5E8;TAPMV4.0;77SL4800823
0000E6C6;TAPMV4.0;77SL4800452
0000E634;TAPMV4.0;77SL4800265
0000E564;TAPMV4.0;77SL4800789
0000E616;TAPMV4.0;77SL4800596
0000E595;TAPMV4.0;77SL4800814
0000E70F;TAPMV4.0;77SL4800397
0000E6EF;TAPMV4.0;77SL4800331
0000E5EE;TAPMV4.0;77SL4800579
0000E733;TAPMV4.0;77SL4800383
0000E5F8;TAPMV4.0;77SL4800589
0000E705;TAPMV4.0;77SL4800359
0000E5EF;TAPMV4.0;77SL4800575
0000E5F3;TAPMV4.0;77SL4800583
0000E5F7;TAPMV4.0;77SL4800587
0000E61E;TAPMV4.0;77SL4800956
0000E6E4;TAPMV4.0;77SL4800423
0000E6EA;TAPMV4.0;77SL4800429
0000E5E1;TAPMV4.0;77SL4800831
0000E5AF;TAPMV4.0;77SL4800761
0000E567;TAPMV4.0;77SL4800929
0000E5DC;TAPMV4.0;77SL4800665
0000E6D3;TAPMV4.0;77SL4800276
0000E654;TAPMV4.0;77SL4800291
0000E61B;TAPMV4.0;77SL4800955
0000E754;TAPMV4.0;77SL4800526
0000E6DA;TAPMV4.0;77SL4800316
0000E689;TAPMV4.0;77SL4800434
0000E680;TAPMV4.0;77SL4800554
0000E5B8;TAPMV4.0;77SL4800719
0000E5F0;TAPMV4.0;77SL4800581
0000E612;TAPMV4.0;77SL4800592
0000E6E9;TAPMV4.0;77SL4800428
0000E734;TAPMV4.0;77SL4800386
0000E5F6;TAPMV4.0;77SL4800590
0000E602;TAPMV4.0;77SL4800947
0000E618;TAPMV4.0;77SL4800599
0000E6F0;TAPMV4.0;77SL4800327
0000E68C;TAPMV4.0;77SL4800438
0000E6DB;TAPMV4.0;77SL4800317
0000E737;TAPMV4.0;77SL4800389
0000E6AC;TAPMV4.0;77SL4800571
0000E678;TAPMV4.0;77SL4800366
0000E715;TAPMV4.0;77SL4800509
0000E6D9;TAPMV4.0;77SL4800315
0000E5FC;TAPMV4.0;77SL4800941
0000E5E2;TAPMV4.0;77SL4800830
0000E5D5;TAPMV4.0;77SL4800793
0000E5B7;TAPMV4.0;77SL4800768
0000E614;TAPMV4.0;77SL4800594
0000E532;TAPMV4.0;77SL4800752
0000E584;TAPMV4.0;77SL4800629
0000E5CF;TAPMV4.0;77SL4800799
0000E536;TAPMV4.0;77SL4800748
0000E53B;TAPMV4.0;77SL4800743
0000E59E;TAPMV4.0;77SL4800686
0000E57A;TAPMV4.0;77SL4800921
0000E582;TAPMV4.0;77SL4800916
0000E5A3;TAPMV4.0;77SL4800681
0000E55C;TAPMV4.0;77SL4800731
0000E5A0;TAPMV4.0;77SL4800684
0000E598;TAPMV4.0;77SL4800811
0000E531;TAPMV4.0;77SL4800753
0000E6E8;TAPMV4.0;77SL4800427
0000E6EE;TAPMV4.0;77SL4800330
0000E6E6;TAPMV4.0;77SL4800425
0000E6E3;TAPMV4.0;77SL4800422
0000E6E0;TAPMV4.0;77SL4800323
0000E5D6;TAPMV4.0;77SL4800792
0000E5F9;TAPMV4.0;77SL4800585
0000E611;TAPMV4.0;77SL4800591
0000E588;TAPMV4.0;77SL4800626
0000E50D;TAPMV4.0;77SL4800783
0000E5A1;TAPMV4.0;77SL4800683
0000E52B;TAPMV4.0;77SL4800842
0000E579;TAPMV4.0;77SL4800903
0000E55B;TAPMV4.0;77SL4800732
0000E5CB;TAPMV4.0;77SL4800893
0000E5A5;TAPMV4.0;77SL4800875
0000E5CA;TAPMV4.0;77SL4800897
0000E55F;TAPMV4.0;77SL4800635
0000E57C;TAPMV4.0;77SL4800920
0000E586;TAPMV4.0;77SL4800628
0000E589;TAPMV4.0;77SL4800625
0000E577;TAPMV4.0;77SL4800906
0000E58A;TAPMV4.0;77SL4800624
0000E4CC;TAPMV4.0;77SL4800861
0000E503;TAPMV4.0;77SL4800712
0000E551;TAPMV4.0;77SL4800672
0000E509;TAPMV4.0;77SL4800787
0000E4D6;TAPMV4.0;77SL4800703
0000E4F9;TAPMV4.0;77SL4800603
0000E4D0;TAPMV4.0;77SL4800856
0000E4E9;TAPMV4.0;77SL4800615
0000E540;TAPMV4.0;77SL4800638
0000E4C7;TAPMV4.0;77SL4800835
0000E54E;TAPMV4.0;77SL4800675
0000E4F0;TAPMV4.0;77SL4800609
0000E4D3;TAPMV4.0;77SL4800661
0000E4E7;TAPMV4.0;77SL4800617
0000E556;TAPMV4.0;77SL4800737
0000E4CD;TAPMV4.0;77SL4800860
0000E4CF;TAPMV4.0;77SL4800858
0000E535;TAPMV4.0;77SL4800749
0000E4D4;TAPMV4.0;77SL4800660
0000E4E4;TAPMV4.0;77SL4800620
0000E5F1;TAPMV4.0;77SL4800578
0000E4DB;TAPMV4.0;77SL4800651
0000E4E6;TAPMV4.0;77SL4800618
0000E4CA;TAPMV4.0;77SL4800862
0000E764;TAPMV4.0;77SL4800254
0000E4D7;TAPMV4.0;77SL4800702
0000E4EE;TAPMV4.0;77SL4800601
0000E583;TAPMV4.0;77SL4800913
0000E571;TAPMV4.0;77SL4800912
0000E613;TAPMV4.0;77SL4800595
0000E686;TAPMV4.0;77SL4800432
0000E5A6;TAPMV4.0;77SL4800876
0000E587;TAPMV4.0;77SL4800627
0000E57E;TAPMV4.0;77SL4800918
0000E50B;TAPMV4.0;77SL4800784
0000E574;TAPMV4.0;77SL4800910
0000E5C8;TAPMV4.0;77SL4800901
0000E5C6;TAPMV4.0;77SL4800899
0000E580;TAPMV4.0;77SL4800914
0000E5AB;TAPMV4.0;77SL4800881
0000E599;TAPMV4.0;77SL4800810
0000E606;TAPMV4.0;77SL4800932
0000E401;TAPMV4.0;77SL4900601
0000E40C;TAPMV4.0;77SL4900165
0000E423;TAPMV4.0;77SL4900556
0000E325;TAPMV4.0;77SL4900249
0000E350;TAPMV4.0;77SL4900617
0000E393;TAPMV4.0;77SL4900721
0000E4D5;TAPMV4.0;77SL4800704
0000E344;TAPMV4.0;77SL4900341
0000E319;TAPMV4.0;77SL4900261
0000E419;TAPMV4.0;77SL4900029
0000E408;TAPMV4.0;77SL4900161
0000E31A;TAPMV4.0;77SL4900260
0000E32B;TAPMV4.0;77SL4900668
0000E31E;TAPMV4.0;77SL4900256
0000E442;TAPMV4.0;77SL4900051
0000E3A6;TAPMV4.0;77SL4900769
0000E410;TAPMV4.0;77SL4900170
0000E359;TAPMV4.0;77SL4900535
0000E318;TAPMV4.0;77SL4900262
0000E3AB;TAPMV4.0;77SL4900669
0000E33D;TAPMV4.0;77SL4900626
0000E392;TAPMV4.0;77SL4900140
0000E436;TAPMV4.0;77SL4900103
0000E331;TAPMV4.0;77SL4900674
0000E396;TAPMV4.0;77SL4900724
0000E338;TAPMV4.0;77SL4900631
0000E4FA;TAPMV4.0;77SL4800602
0000E4FF;TAPMV4.0;77SL4800716
0000E5DB;TAPMV4.0;77SL4800666
0000E5C5;TAPMV4.0;77SL4800904
0000E443;TAPMV4.0;77SL4900050
0000E3F6;TAPMV4.0;77SL4900588
0000E4E3;TAPMV4.0;77SL4800642
0000E50A;TAPMV4.0;77SL4800786
0000E54F;TAPMV4.0;77SL4800674
0000E4F6;TAPMV4.0;77SL4800838
0000E517;TAPMV4.0;77SL4800772
0000E527;TAPMV4.0;77SL4800867
0000E512;TAPMV4.0;77SL4800776
0000E4E1;TAPMV4.0;77SL4800645
0000E537;TAPMV4.0;77SL4800747
0000E550;TAPMV4.0;77SL4800673
0000E4E2;TAPMV4.0;77SL4800644
0000E4E0;TAPMV4.0;77SL4800646
0000E553;TAPMV4.0;77SL4800670
0000E4DE;TAPMV4.0;77SL4800648
0000E4D1;TAPMV4.0;77SL4800855
0000E4F5;TAPMV4.0;77SL4800604
0000BFEF;TAPMV4.0;77SL4800215
0000E4DD;TAPMV4.0;77SL4800649
0000E506;TAPMV4.0;77SL4800709
0000E61D;TAPMV4.0;77SL4800958
0000E575;TAPMV4.0;77SL4800907
0000E661;TAPMV4.0;77SL4800445
0000E5EC;TAPMV4.0;77SL4800829
0000E73A;TAPMV4.0;77SL4800392
0000E726;TAPMV4.0;77SL4800314
0000E573;TAPMV4.0;77SL4800909
0000E6F7;TAPMV4.0;77SL4800411
0000E34B;TAPMV4.0;77SL4900063
0000E356;TAPMV4.0;77SL4900611
0000E4FE;TAPMV4.0;77SL4800717
0000E407;TAPMV4.0;77SL4900194
0000E405;TAPMV4.0;77SL4900655
0000E412;TAPMV4.0;77SL4900041
0000E342;TAPMV4.0;77SL4900343
0000E323;TAPMV4.0;77SL4900251
0000E36D;TAPMV4.0;77SL4900680
0000E415;TAPMV4.0;77SL4900044
0000E36E;TAPMV4.0;77SL4900681
0000E53A;TAPMV4.0;77SL4800744
0000E440;TAPMV4.0;77SL4900047
0000E377;TAPMV4.0;77SL4900091
0000E2CD;TAPMV4.0;77SL4900529
0000E374;TAPMV4.0;77SL4900125
0000E413;TAPMV4.0;77SL4900040
0000E329;TAPMV4.0;77SL4900665
0000E395;TAPMV4.0;77SL4900725
0000E335;TAPMV4.0;77SL4900636
0000E348;TAPMV4.0;77SL4900336
0000E349;TAPMV4.0;77SL4900337
0000E34A;TAPMV4.0;77SL4900062
0000E352;TAPMV4.0;77SL4900614
0000E2DA;TAPMV4.0;77SL4900442
0000E2E0;TAPMV4.0;77SL4900712
0000E406;TAPMV4.0;77SL4900657
0000E42E;TAPMV4.0;77SL4900157
0000E43E;TAPMV4.0;77SL4900639
0000E3A4;TAPMV4.0;77SL4900771
0000E53E;TAPMV4.0;77SL4800740
0000E38C;TAPMV4.0;77SL4900133
0000E425;TAPMV4.0;77SL4900555
0000E324;TAPMV4.0;77SL4900250
0000E3AE;TAPMV4.0;77SL4900129
0000E34F;TAPMV4.0;77SL4900616
0000E4C9;TAPMV4.0;77SL4800863
0000E372;TAPMV4.0;77SL4900121
0000E320;TAPMV4.0;77SL4900254
0000E322;TAPMV4.0;77SL4900252
0000E4DA;TAPMV4.0;77SL4800699
0000E508;TAPMV4.0;77SL4800788
0000E4C8;TAPMV4.0;77SL4800662
0000E4DF;TAPMV4.0;77SL4800647
0000E55D;TAPMV4.0;77SL4800730
0000E4DC;TAPMV4.0;77SL4800650
0000E4F2;TAPMV4.0;77SL4800607
0000E543;TAPMV4.0;77SL4800696
0000E505;TAPMV4.0;77SL4800710
0000E539;TAPMV4.0;77SL4800745
0000E5D1;TAPMV4.0;77SL4800797
0000E504;TAPMV4.0;77SL4800711
0000E501;TAPMV4.0;77SL4800714
0000E502;TAPMV4.0;77SL4800713
0000E4D9;TAPMV4.0;77SL4800700
0000E394;TAPMV4.0;77SL4900726
0000E5E3;TAPMV4.0;77SL4800828
0000E353;TAPMV4.0;77SL4900613
0000E399;TAPMV4.0;77SL4900148
0000E2D2;TAPMV4.0;77SL4900599
0000E370;TAPMV4.0;77SL4900673
0000E4CB;TAPMV4.0;77SL4800857
0000E2D1;TAPMV4.0;77SL4900521
0000E2D0;TAPMV4.0;77SL4900526
0000E2C8;TAPMV4.0;77SL4900660
0000E371;TAPMV4.0;77SL4900122
0000E61F;TAPMV4.0;77SL4800960
0000E55E;TAPMV4.0;77SL4800636
0000E53F;TAPMV4.0;77SL4800637
0000E2CF;TAPMV4.0;77SL4900525
0000E2CC;TAPMV4.0;77SL4900528
0000E2D5;TAPMV4.0;77SL4900437
0000E2D4;TAPMV4.0;77SL4900435
0000E52C;TAPMV4.0;77SL4800843
0000E772;TAPMV4.0;77SL4800248
0000E354;TAPMV4.0;77SL4900610
0000E2CE;TAPMV4.0;77SL4900524
0000E2C9;TAPMV4.0;77SL4900656
0000E358;TAPMV4.0;77SL4900532
0000E693;TAPMV4.0;77SL4800475
0000BFEE;TAPMV4.0;77SL4800218
0000E5CD;TAPMV4.0;77SL4800898
0000E5BC;TAPMV4.0;77SL4800723
0000E5A7;TAPMV4.0;77SL4800877
0000E2D3;TAPMV4.0;77SL4900436
0000E321;TAPMV4.0;77SL4900253
0000E41D;TAPMV4.0;77SL4900558
0000E31D;TAPMV4.0;77SL4900257
0000E480;TAPMV4.0;77SL4900175
0000E34E;TAPMV4.0;77SL4900065
0000E40A;TAPMV4.0;77SL4900163
0000E3FD;TAPMV4.0;77SL4900018
0000E40F;TAPMV4.0;77SL4900166
0000E3FC;TAPMV4.0;77SL4900013
0000E471;TAPMV4.0;77SL4900767
0000E30D;TAPMV4.0;77SL4900491
0000E418;TAPMV4.0;77SL4900027
0000E49A;TAPMV4.0;77SL4900766
0000E411;TAPMV4.0;77SL4900171
0000E403;TAPMV4.0;77SL4900606
0000E5A2;TAPMV4.0;77SL4800682
0000E439;TAPMV4.0;77SL4900109
0000E43F;TAPMV4.0;77SL4900638
0000E316;TAPMV4.0;77SL4900264
0000E41C;TAPMV4.0;77SL4900028
0000E34D;TAPMV4.0;77SL4900618
0000E31C;TAPMV4.0;77SL4900258
0000E31B;TAPMV4.0;77SL4900259
0000E409;TAPMV4.0;77SL4900160
0000E414;TAPMV4.0;77SL4900045
0000E41F;TAPMV4.0;77SL4900562
0000E402;TAPMV4.0;77SL4900602
0000E3FA;TAPMV4.0;77SL4900015
0000E336;TAPMV4.0;77SL4900633
0000E347;TAPMV4.0;77SL4900338
0000E3D6;TAPMV4.0;77SL4900583
0000E44A;TAPMV4.0;77SL4900487
0000E34C;TAPMV4.0;77SL4900066
0000E30E;TAPMV4.0;77SL4900496
0000E43B;TAPMV4.0;77SL4900645
0000E2C7;TAPMV4.0;77SL4900659
0000E307;TAPMV4.0;77SL4900012
0000E33E;TAPMV4.0;77SL4900625
0000E2D6;TAPMV4.0;77SL4900438
0000E397;TAPMV4.0;77SL4900729
0000E36C;TAPMV4.0;77SL4900679
0000E355;TAPMV4.0;77SL4900612
0000E2CA;TAPMV4.0;77SL4900522
0000E2CB;TAPMV4.0;77SL4900530
0000E3CA;TAPMV4.0;77SL4900580
0000E3B5;TAPMV4.0;77SL4900149
0000E40D;TAPMV4.0;77SL4900168
0000E404;TAPMV4.0;77SL4900574
0000E390;TAPMV4.0;77SL4900136
0000E42D;TAPMV4.0;77SL4900154
0000E4FB;TAPMV4.0;77SL4800698
0000E53D;TAPMV4.0;77SL4800741
0000E510;TAPMV4.0;77SL4800779
0000E4C5;TAPMV4.0;77SL4800837
0000E4F7;TAPMV4.0;77SL4800705
0000E4FD;TAPMV4.0;77SL4800718
0000E4D2;TAPMV4.0;77SL4800854
0000E4C6;TAPMV4.0;77SL4800836
0000E4D8;TAPMV4.0;77SL4800701
0000E500;TAPMV4.0;77SL4800715
0000E538;TAPMV4.0;77SL4800746
0000E534;TAPMV4.0;77SL4800750
0000E555;TAPMV4.0;77SL4800738
0000E660;TAPMV4.0;77SL4800444
0000E581;TAPMV4.0;77SL4800915
0000E5CC;TAPMV4.0;77SL4800894
0000E4CE;TAPMV4.0;77SL4800859
0000E681;TAPMV4.0;77SL4800555
0000E36F;TAPMV4.0;77SL4900676
0000E40E;TAPMV4.0;77SL4900167
0000E3A3;TAPMV4.0;77SL4900132
0000E30F;TAPMV4.0;77SL4900064
0000E417;TAPMV4.0;77SL4900046
0000E31F;TAPMV4.0;77SL4900255
0000E41B;TAPMV4.0;77SL4900030
0000E398;TAPMV4.0;77SL4900139
0000E328;TAPMV4.0;77SL4900246
0000E314;TAPMV4.0;77SL4900494
0000E315;TAPMV4.0;77SL4900265
0000E313;TAPMV4.0;77SL4900067
0000E416;TAPMV4.0;77SL4900043
0000E317;TAPMV4.0;77SL4900263
0000E424;TAPMV4.0;77SL4900554
0000E3F8;TAPMV4.0;77SL4900011
0000E441;TAPMV4.0;77SL4900048
0000E373;TAPMV4.0;77SL4900126
0000E447;TAPMV4.0;77SL4900493
0000E2F7;TAPMV4.0;77SL4900115
0000E45D;TAPMV4.0;77SL4900603
0000E375;TAPMV4.0;77SL4900093
0000E43A;TAPMV4.0;77SL4900110
0000E357;TAPMV4.0;77SL4900607
0000E42A;TAPMV4.0;77SL4900151
0000E343;TAPMV4.0;77SL4900342
0000E41A;TAPMV4.0;77SL4900025
0000E3C6;TAPMV4.0;77SL4900572
0000E3C1;TAPMV4.0;77SL4900728
0000E3C9;TAPMV4.0;77SL4900575
0000E3BF;TAPMV4.0;77SL4900735
0000E3C5;TAPMV4.0;77SL4900573
0000E47D;TAPMV4.0;77SL4900177
0000E3CE;TAPMV4.0;77SL4900199
0000E3B1;TAPMV4.0;77SL4900128
0000E3B8;TAPMV4.0;77SL4900564
0000E39F;TAPMV4.0;77SL4900539
0000E483;TAPMV4.0;77SL4900178
0000E383;TAPMV4.0;77SL4900593
0000E38D;TAPMV4.0;77SL4900138
0000E489;TAPMV4.0;77SL4900086
0000E37F;TAPMV4.0;77SL4900591
0000E3AC;TAPMV4.0;77SL4900401
0000E454;TAPMV4.0;77SL4900485
0000E35C;TAPMV4.0;77SL4900536
0000E3DF;TAPMV4.0;77SL4900734
0000E3AF;TAPMV4.0;77SL4900003
0000E3E0;TAPMV4.0;77SL4900738
0000E3EB;TAPMV4.0;77SL4900708
0000E38F;TAPMV4.0;77SL4900141
0000E3EC;TAPMV4.0;77SL4900707
0000E3AA;TAPMV4.0;77SL4900803
0000E3B6;TAPMV4.0;77SL4900560
0000E3D3;TAPMV4.0;77SL4900195
0000E3C0;TAPMV4.0;77SL4900579
0000E4A6;TAPMV4.0;77SL4900654
0000E3B3;TAPMV4.0;77SL4900147
0000E477;TAPMV4.0;77SL4900186
0000E361;TAPMV4.0;77SL4900511
0000E44E;TAPMV4.0;77SL4900549
0000E3BB;TAPMV4.0;77SL4900567
0000E3D2;TAPMV4.0;77SL4900192
0000E3A5;TAPMV4.0;77SL4900770
0000E365;TAPMV4.0;77SL4900500
0000E3A1;TAPMV4.0;77SL4900541
0000E3DB;TAPMV4.0;77SL4900543
0000E3B7;TAPMV4.0;77SL4900565
0000E3E6;TAPMV4.0;77SL4900709
0000E444;TAPMV4.0;77SL4900490
0000E4C0;TAPMV4.0;77SL4900640
0000E2F4;TAPMV4.0;77SL4900112
0000E474;TAPMV4.0;77SL4900184
0000E46D;TAPMV4.0;77SL4900765
0000E2ED;TAPMV4.0;77SL4900750
0000E46F;TAPMV4.0;77SL4900763
0000E4A8;TAPMV4.0;77SL4900053
0000E2D7;TAPMV4.0;77SL4900439
0000E2DB;TAPMV4.0;77SL4900443
0000E46B;TAPMV4.0;77SL4900190
0000E351;TAPMV4.0;77SL4900615
0000E4A3;TAPMV4.0;77SL4900649
0000E45F;TAPMV4.0;77SL4900608
0000E48A;TAPMV4.0;77SL4900085
0000E462;TAPMV4.0;77SL4900057
0000E47A;TAPMV4.0;77SL4900169
0000E30A;TAPMV4.0;77SL4900497
0000E481;TAPMV4.0;77SL4900180
0000E467;TAPMV4.0;77SL4900531
0000E32F;TAPMV4.0;77SL4900670
0000E498;TAPMV4.0;77SL4900100
0000E49F;TAPMV4.0;77SL4900648
0000E312;TAPMV4.0;77SL4900072
0000E4AD;TAPMV4.0;77SL4900034
0000E492;TAPMV4.0;77SL4900477
0000E2EB;TAPMV4.0;77SL4900746
0000E434;TAPMV4.0;77SL4900023
0000E466;TAPMV4.0;77SL4900527
0000E457;TAPMV4.0;77SL4900733
0000E458;TAPMV4.0;77SL4900652
0000E45B;TAPMV4.0;77SL4900475
0000E30C;TAPMV4.0;77SL4900501
0000E304;TAPMV4.0;77SL4900762
0000E4B5;TAPMV4.0;77SL4900642
0000E2F6;TAPMV4.0;77SL4900116
0000E48E;TAPMV4.0;77SL4900471
0000E4A5;TAPMV4.0;77SL4900049
0000E484;TAPMV4.0;77SL4900084
0000E300;TAPMV4.0;77SL4900754
0000E437;TAPMV4.0;77SL4900108
0000E33C;TAPMV4.0;77SL4900627
0000E3FB;TAPMV4.0;77SL4900014
0000E340;TAPMV4.0;77SL4900345
0000E3AD;TAPMV4.0;77SL4900002
0000E3EA;TAPMV4.0;77SL4900703
0000E2F1;TAPMV4.0;77SL4900111
0000E3F7;TAPMV4.0;77SL4900570
0000E333;TAPMV4.0;77SL4900677
0000E3C3;TAPMV4.0;77SL4900732
0000E3BC;TAPMV4.0;77SL4900566
0000E482;TAPMV4.0;77SL4900179
0000E3C4;TAPMV4.0;77SL4900731
0000E35D;TAPMV4.0;77SL4900537
0000E38B;TAPMV4.0;77SL4900134
0000E3BA;TAPMV4.0;77SL4900568
0000E3EE;TAPMV4.0;77SL4900711
0000E391;TAPMV4.0;77SL4900722
0000E4C2;TAPMV4.0;77SL4900641
0000E3F4;TAPMV4.0;77SL4900584
0000E37D;TAPMV4.0;77SL4900099
0000E3E4;TAPMV4.0;77SL4900022
0000E37B;TAPMV4.0;77SL4900097
0000E3F9;TAPMV4.0;77SL4900010
0000E3E2;TAPMV4.0;77SL4900741
0000E35E;TAPMV4.0;77SL4900538
0000E3DC;TAPMV4.0;77SL4900544
0000E3DD;TAPMV4.0;77SL4900730
0000E3F1;TAPMV4.0;77SL4900581
0000E39A;TAPMV4.0;77SL4900144
0000E41E;TAPMV4.0;77SL4900557
0000E3F0;TAPMV4.0;77SL4900582
0000E379;TAPMV4.0;77SL4900094
0000E385;TAPMV4.0;77SL4900598
0000E387;TAPMV4.0;77SL4900600
0000E3F5;TAPMV4.0;77SL4900589
0000E36B;TAPMV4.0;77SL4900621
0000E3E8;TAPMV4.0;77SL4900705
0000E3D7;TAPMV4.0;77SL4900587
0000E3A7;TAPMV4.0;77SL4900774
0000E37A;TAPMV4.0;77SL4900095
0000E3BE;TAPMV4.0;77SL4900569
0000E3F3;TAPMV4.0;77SL4900585
0000E367;TAPMV4.0;77SL4900504
0000E386;TAPMV4.0;77SL4900596
0000E3ED;TAPMV4.0;77SL4900706
0000E3D1;TAPMV4.0;77SL4900197
0000E3E9;TAPMV4.0;77SL4900704
0000E3C2;TAPMV4.0;77SL4900727
0000E3A9;TAPMV4.0;77SL4900772
0000E366;TAPMV4.0;77SL4900505
0000E362;TAPMV4.0;77SL4900506
0000E491;TAPMV4.0;77SL4900478
0000E490;TAPMV4.0;77SL4900474
0000E384;TAPMV4.0;77SL4900597
0000E5DE;TAPMV4.0;77SL4800834
0000E39B;TAPMV4.0;77SL4900143
0000E3A2;TAPMV4.0;77SL4900123
0000E488;TAPMV4.0;77SL4900087
0000E44F;TAPMV4.0;77SL4900550
0000E389;TAPMV4.0;77SL4900130
0000E363;TAPMV4.0;77SL4900507
0000E456;TAPMV4.0;77SL4900739
0000E620;TAPMV4.0;77SL4800959
0000E35B;TAPMV4.0;77SL4900533
0000E3A0;TAPMV4.0;77SL4900540
0000E39C;TAPMV4.0;77SL4900142
0000E3D5;TAPMV4.0;77SL4900592
0000E36A;TAPMV4.0;77SL4900620
0000E3D4;TAPMV4.0;77SL4900191
0000E2EE;TAPMV4.0;77SL4900749
0000E2FD;TAPMV4.0;77SL4900751
0000E3B9;TAPMV4.0;77SL4900563
0000E38E;TAPMV4.0;77SL4900137
0000E38A;TAPMV4.0;77SL4900135
0000E368;TAPMV4.0;77SL4900503
0000E4A2;TAPMV4.0;77SL4900650
0000E2F0;TAPMV4.0;77SL4900753
0000E487;TAPMV4.0;77SL4900083
0000E4B0;TAPMV4.0;77SL4900035
0000E3E5;TAPMV4.0;77SL4900026
0000E493;TAPMV4.0;77SL4900476
0000E301;TAPMV4.0;77SL4900759
0000E4B3;TAPMV4.0;77SL4900036
0000E2D8;TAPMV4.0;77SL4900440
0000E4B9;TAPMV4.0;77SL4900520
0000E2D9;TAPMV4.0;77SL4900441
0000E305;TAPMV4.0;77SL4900008
0000E438;TAPMV4.0;77SL4900106
0000E2F8;TAPMV4.0;77SL4900120
0000E308;TAPMV4.0;77SL4900492
0000E4C4;TAPMV4.0;77SL4900037
0000E435;TAPMV4.0;77SL4900104
0000E2EA;TAPMV4.0;77SL4900747
0000E476;TAPMV4.0;77SL4900181
0000E452;TAPMV4.0;77SL4900514
0000E45C;TAPMV4.0;77SL4900470
0000E2E1;TAPMV4.0;77SL4900715
0000E4C3;TAPMV4.0;77SL4900188
0000E32E;TAPMV4.0;77SL4900671
0000E478;TAPMV4.0;77SL4900173
0000E48F;TAPMV4.0;77SL4900472
0000E2E3;TAPMV4.0;77SL4900717
0000E479;TAPMV4.0;77SL4900174
0000E311;TAPMV4.0;77SL4900068
0000E44D;TAPMV4.0;77SL4900548
0000E2E6;TAPMV4.0;77SL4900718
0000E49B;TAPMV4.0;77SL4900624
0000E4A4;TAPMV4.0;77SL4900059
0000E496;TAPMV4.0;77SL4900479
0000E310;TAPMV4.0;77SL4900069
0000E472;TAPMV4.0;77SL4900189
0000E486;TAPMV4.0;77SL4900082
0000E306;TAPMV4.0;77SL4900009
0000E485;TAPMV4.0;77SL4900079
0000E47F;TAPMV4.0;77SL4900176
0000E2E5;TAPMV4.0;77SL4900723
0000E4AB;TAPMV4.0;77SL4900055
0000E4AF;TAPMV4.0;77SL4900038
0000E4A7;TAPMV4.0;77SL4900054
0000E4AE;TAPMV4.0;77SL4900039
0000E4AC;TAPMV4.0;77SL4900060
0000E431;TAPMV4.0;77SL4900162
0000E46E;TAPMV4.0;77SL4900764
0000E2E9;TAPMV4.0;77SL4900742
0000E473;TAPMV4.0;77SL4900486
0000E2DF;TAPMV4.0;77SL4900713
0000E4B8;TAPMV4.0;77SL4900523
0000E330;TAPMV4.0;77SL4900675
0000E48B;TAPMV4.0;77SL4900090
0000E4B1;TAPMV4.0;77SL4900032
0000E46C;TAPMV4.0;77SL4900760
0000E376;TAPMV4.0;77SL4900092
0000E49C;TAPMV4.0;77SL4900623
0000E2E2;TAPMV4.0;77SL4900716
0000E497;TAPMV4.0;77SL4900101
0000E43D;TAPMV4.0;77SL4900634
0000E4BC;TAPMV4.0;77SL4900516
0000E449;TAPMV4.0;77SL4900482
0000E475;TAPMV4.0;77SL4900185
0000E45E;TAPMV4.0;77SL4900604
0000E4B6;TAPMV4.0;77SL4900518
0000E446;TAPMV4.0;77SL4900488
0000E432;TAPMV4.0;77SL4900019
0000E45A;TAPMV4.0;77SL4900646
0000E2FE;TAPMV4.0;77SL4900756
0000E309;TAPMV4.0;77SL4900498
0000E30B;TAPMV4.0;77SL4900502
0000E464;TAPMV4.0;77SL4900075
0000E2FB;TAPMV4.0;77SL4900761
0000E33A;TAPMV4.0;77SL4900629
0000E4B4;TAPMV4.0;77SL4900058
0000E459;TAPMV4.0;77SL4900653
0000E49E;TAPMV4.0;77SL4900643
0000E2E4;TAPMV4.0;77SL4900719
0000E2DD;TAPMV4.0;77SL4900663
0000E460;TAPMV4.0;77SL4900609
0000E421;TAPMV4.0;77SL4900552
0000E33F;TAPMV4.0;77SL4900720
0000E32C;TAPMV4.0;77SL4900667
0000E3D0;TAPMV4.0;77SL4900198
0000E337;TAPMV4.0;77SL4900632
0000E2F3;TAPMV4.0;77SL4900113
0000E427;TAPMV4.0;77SL4900473
0000E32D;TAPMV4.0;77SL4900672
0000E2EF;TAPMV4.0;77SL4900748
0000E334;TAPMV4.0;77SL4900678
0000E3D9;TAPMV4.0;77SL4900547
0000E332;TAPMV4.0;77SL4900697
0000E39E;TAPMV4.0;77SL4900146
0000E369;TAPMV4.0;77SL4900619
0000E4BA;TAPMV4.0;77SL4900519
0000E428;TAPMV4.0;77SL4900153
0000E32A;TAPMV4.0;77SL4900664
0000E4BB;TAPMV4.0;77SL4900515
0000E422;TAPMV4.0;77SL4900551
0000E463;TAPMV4.0;77SL4900042
0000E326;TAPMV4.0;77SL4900248
0000E3FF;TAPMV4.0;77SL4900020
0000E3D8;TAPMV4.0;77SL4900546
0000E3BD;TAPMV4.0;77SL4900571
0000E3CD;TAPMV4.0;77SL4900200
0000E39D;TAPMV4.0;77SL4900145
0000E400;TAPMV4.0;77SL4900016
0000E3FE;TAPMV4.0;77SL4900017
0000E7D4;TAPMV4.0;77SL4900783
0000E7D8;TAPMV4.0;77SL4900779
0000E8D2;TAPMV4.0;77SL4900459
0000E42B;TAPMV4.0;77SL4900156
0000E878;TAPMV4.0;77SL4900454
0000E8D5;TAPMV4.0;77SL4900799
0000E33B;TAPMV4.0;77SL4900630
0000E87F;TAPMV4.0;77SL4900805
0000E985;TAPMV4.0;77SL4901394
0000E952;TAPMV4.0;77SL4900986
0000E8D3;TAPMV4.0;77SL4900458
0000E4B7;TAPMV4.0;77SL4900033
0000E8E2;TAPMV4.0;77SL4901203
0000E902;TAPMV4.0;77SL4901213
0000E8C2;TAPMV4.0;77SL4900308
0000E812;TAPMV4.0;77SL4900375
0000E868;TAPMV4.0;77SL4900400
0000EA31;TAPMV4.0;77SL4901304
0000E861;TAPMV4.0;77SL4900396
0000E835;TAPMV4.0;77SL4900431
0000E8A3;TAPMV4.0;77SL4900845
0000E880;TAPMV4.0;77SL4900804
0000EA59;TAPMV4.0;77SL4901153
0000E965;TAPMV4.0;77SL4900995
0000E85D;TAPMV4.0;77SL4900394
0000E8B6;TAPMV4.0;77SL4900469
0000EBAC;TAPMV4.0;77SL4901826
0000E8C3;TAPMV4.0;77SL4900309
0000E6CA;TAPMV4.0;77SL4800272
0000E863;TAPMV4.0;77SL4900397
0000E86F;TAPMV4.0;77SL4900368
0000E524;TAPMV4.0;77SL4800873
0000E814;TAPMV4.0;77SL4900373
0000E51C;TAPMV4.0;77SL4800727
0000E525;TAPMV4.0;77SL4800707
0000E829;TAPMV4.0;77SL4900419
0000E80A;TAPMV4.0;77SL4900354
0000E953;TAPMV4.0;77SL4900989
0000E811;TAPMV4.0;77SL4900414
0000E8CD;TAPMV4.0;77SL4900455
0000E8CC;TAPMV4.0;77SL4900282
0000E9AF;TAPMV4.0;77SL4901375
0000E8E6;TAPMV4.0;77SL4901201
0000E838;TAPMV4.0;77SL4900428
0000E8CB;TAPMV4.0;77SL4900283
0000E824;TAPMV4.0;77SL4900289
0000E94D;TAPMV4.0;77SL4900984
0000E8B7;TAPMV4.0;77SL4900465
0000E869;TAPMV4.0;77SL4900367
0000E346;TAPMV4.0;77SL4900339
0000E851;TAPMV4.0;77SL4900823
0000E554;TAPMV4.0;77SL4800669
0000E9DD;TAPMV4.0;77SL4901409
0000E8F6;TAPMV4.0;77SL4901186
0000E866;TAPMV4.0;77SL4900684
0000E85A;TAPMV4.0;77SL4900389
0000E927;TAPMV4.0;77SL4901176
0000E8C4;TAPMV4.0;77SL4900310
0000E81F;TAPMV4.0;77SL4900287
0000E81A;TAPMV4.0;77SL4900411
0000E918;TAPMV4.0;77SL4901248
0000EA6D;TAPMV4.0;77SL4901090
0000E81B;TAPMV4.0;77SL4900410
0000E82D;TAPMV4.0;77SL4900423
0000E90A;TAPMV4.0;77SL4901238
0000E832;TAPMV4.0;77SL4900426
0000E7C7;TAPMV4.0;77SL4900795
0000E5BF;TAPMV4.0;77SL4800573
0000EA4D;TAPMV4.0;77SL4901002
0000E785;TAPMV4.0;77SL4900228
0000EA4E;TAPMV4.0;77SL4901007
0000E5D0;TAPMV4.0;77SL4800798
0000E97E;TAPMV4.0;77SL4901024
0000E51F;TAPMV4.0;77SL4800868
0000E7C3;TAPMV4.0;77SL4900788
0000EA56;TAPMV4.0;77SL4901160
0000E905;TAPMV4.0;77SL4901241
0000E909;TAPMV4.0;77SL4901233
0000E908;TAPMV4.0;77SL4901239
0000E339;TAPMV4.0;77SL4900628
0000EA86;TAPMV4.0;77SL4901315
0000E867;TAPMV4.0;77SL4900399
0000E8CA;TAPMV4.0;77SL4900281
0000E86A;TAPMV4.0;77SL4900686
0000E81C;TAPMV4.0;77SL4900409
0000EA42;TAPMV4.0;77SL4901448
0000E789;TAPMV4.0;77SL4900301
0000E545;TAPMV4.0;77SL4800694
0000E90E;TAPMV4.0;77SL4901253
0000EA8B;TAPMV4.0;77SL4901332
0000E4F1;TAPMV4.0;77SL4800608
0000E787;TAPMV4.0;77SL4900305
0000E547;TAPMV4.0;77SL4800692
0000E8B8;TAPMV4.0;77SL4900467
0000E5D2;TAPMV4.0;77SL4800796
0000E8FC;TAPMV4.0;77SL4901182
0000E552;TAPMV4.0;77SL4800671
0000EA8C;TAPMV4.0;77SL4901313
0000E819;TAPMV4.0;77SL4900412
0000E8E4;TAPMV4.0;77SL4901206
0000E8FE;TAPMV4.0;77SL4901220
0000E37C;TAPMV4.0;77SL4900098
0000E3B4;TAPMV4.0;77SL4900150
0000E55A;TAPMV4.0;77SL4800733
0000E3F2;TAPMV4.0;77SL4900586
0000E455;TAPMV4.0;77SL4900483
0000E3E3;TAPMV4.0;77SL4900740
0000E2F5;TAPMV4.0;77SL4900117
0000E3CC;TAPMV4.0;77SL4900196
0000E3E1;TAPMV4.0;77SL4900736
0000E35A;TAPMV4.0;77SL4900534
0000E453;TAPMV4.0;77SL4900559
0000E3EF;TAPMV4.0;77SL4900710
0000E360;TAPMV4.0;77SL4900510
0000E3B2;TAPMV4.0;77SL4900127
0000E364;TAPMV4.0;77SL4900508
0000E3A8;TAPMV4.0;77SL4900773
0000E302;TAPMV4.0;77SL4900758
0000E451;TAPMV4.0;77SL4900499
0000E4BE;TAPMV4.0;77SL4900512
0000E468;TAPMV4.0;77SL4900107
0000E2F2;TAPMV4.0;77SL4900114
0000E47E;TAPMV4.0;77SL4900172
0000E42F;TAPMV4.0;77SL4900158
0000E2DC;TAPMV4.0;77SL4900444
0000E430;TAPMV4.0;77SL4900159
0000E433;TAPMV4.0;77SL4900024
0000E2E8;TAPMV4.0;77SL4900743
0000E44C;TAPMV4.0;77SL4900553
0000E3DE;TAPMV4.0;77SL4900737
0000E461;TAPMV4.0;77SL4900605
0000E495;TAPMV4.0;77SL4900480
0000E47B;TAPMV4.0;77SL4900182
0000E469;TAPMV4.0;77SL4900637
0000E2FF;TAPMV4.0;77SL4900755
0000E4A9;TAPMV4.0;77SL4900052
0000E46A;TAPMV4.0;77SL4900187
0000E49D;TAPMV4.0;77SL4900622
0000E2E7;TAPMV4.0;77SL4900744
0000E43C;TAPMV4.0;77SL4900635
0000E2DE;TAPMV4.0;77SL4900714
0000E2FA;TAPMV4.0;77SL4900118
0000E48C;TAPMV4.0;77SL4900088
0000E4A0;TAPMV4.0;77SL4900647
0000E465;TAPMV4.0;77SL4900061
0000E445;TAPMV4.0;77SL4900489
0000E48D;TAPMV4.0;77SL4900089
0000E4A1;TAPMV4.0;77SL4900651
0000E3DA;TAPMV4.0;77SL4900542
0000E40B;TAPMV4.0;77SL4900164
0000E47C;TAPMV4.0;77SL4900183
0000E42C;TAPMV4.0;77SL4900155
0000E378;TAPMV4.0;77SL4900096
0000E3C8;TAPMV4.0;77SL4900576
0000E2FC;TAPMV4.0;77SL4900752
0000E8F8;TAPMV4.0;77SL4901190
0000E912;TAPMV4.0;77SL4901250
0000E345;TAPMV4.0;77SL4900340
0000E341;TAPMV4.0;77SL4900344
0000E380;TAPMV4.0;77SL4900590
0000E420;TAPMV4.0;77SL4900561
0000E494;TAPMV4.0;77SL4900481
0000E3C7;TAPMV4.0;77SL4900577
0000E51B;TAPMV4.0;77SL4800728
0000E9DE;TAPMV4.0;77SL4901408
0000E8D0;TAPMV4.0;77SL4900279
0000E544;TAPMV4.0;77SL4800695
0000E87A;TAPMV4.0;77SL4900448
0000E875;TAPMV4.0;77SL4900005
0000EA85;TAPMV4.0;77SL4901316
0000E9DF;TAPMV4.0;77SL4901407
0000EA52;TAPMV4.0;77SL4900999
0000E8B5;TAPMV4.0;77SL4900468
0000E7DC;TAPMV4.0;77SL4900777
0000E865;TAPMV4.0;77SL4900682
0000E86D;TAPMV4.0;77SL4900848
0000E954;TAPMV4.0;77SL4900985
0000E858;TAPMV4.0;77SL4900824
0000E5BD;TAPMV4.0;77SL4800724
0000E813;TAPMV4.0;77SL4900374
0000E95A;TAPMV4.0;77SL4900976
0000E951;TAPMV4.0;77SL4900981
0000E8D8;TAPMV4.0;77SL4900461
0000E837;TAPMV4.0;77SL4900429
0000E90C;TAPMV4.0;77SL4901237
0000E8C7;TAPMV4.0;77SL4900456
0000E914;TAPMV4.0;77SL4901246
0000E913;TAPMV4.0;77SL4901245
0000E8FD;TAPMV4.0;77SL4901215
0000E8BF;TAPMV4.0;77SL4900313
0000E9F4;TAPMV4.0;77SL4901048
0000E9C1;TAPMV4.0;77SL4901343
0000E85E;TAPMV4.0;77SL4900393
0000E90F;TAPMV4.0;77SL4901252
0000EA4B;TAPMV4.0;77SL4901366
0000E3CF;TAPMV4.0;77SL4900193
0000E90D;TAPMV4.0;77SL4901247
0000E906;TAPMV4.0;77SL4901240
0000E7C6;TAPMV4.0;77SL4900792
0000E84F;TAPMV4.0;77SL4900817
0000E7C4;TAPMV4.0;77SL4900787
0000EA81;TAPMV4.0;
0000E6ED;TAPMV4.0;77SL4800335
0000E676;TAPMV4.0;77SL4800368
0000E541;TAPMV4.0;77SL4800640
0000E786;TAPMV4.0;77SL4900302
0000E994;TAPMV4.0;77SL4901126
0000E834;TAPMV4.0;77SL4900424
0000E8BD;TAPMV4.0;77SL4900311
0000E2EC;TAPMV4.0;77SL4900745
0000E44B;TAPMV4.0;77SL4900021
0000E4B2;TAPMV4.0;77SL4900031
0000E381;TAPMV4.0;77SL4900595
0000E872;TAPMV4.0;77SL4900277
0000E7E1;TAPMV4.0;77SL4900376
0000E781;TAPMV4.0;77SL4900781
0000E7D6;TAPMV4.0;77SL4900775
0000E8C8;TAPMV4.0;77SL4900306
0000E8D7;TAPMV4.0;77SL4900462
0000E548;TAPMV4.0;77SL4800691
0000E51A;TAPMV4.0;77SL4800769
0000E921;TAPMV4.0;77SL4901180
0000E8C9;TAPMV4.0;77SL4900280
0000E8BC;TAPMV4.0;77SL4900466
0000EA48;TAPMV4.0;77SL4901402
0000E632;TAPMV4.0;77SL4800267
0000E864;TAPMV4.0;77SL4900395
0000E870;TAPMV4.0;77SL4900366
0000E5C1;TAPMV4.0;77SL4800574
0000E520;TAPMV4.0;77SL4800869
0000E960;TAPMV4.0;77SL4900972
0000E3CB;TAPMV4.0;77SL4900578
0000EA41;TAPMV4.0;77SL4901443
0000E915;TAPMV4.0;77SL4901230
0000E90B;TAPMV4.0;77SL4901236
0000E820;TAPMV4.0;77SL4900413
0000E8F7;TAPMV4.0;77SL4901185
0000E855;TAPMV4.0;77SL4900387
0000E86C;TAPMV4.0;77SL4900683
0000E9CC;TAPMV4.0;77SL4901358
0000E303;TAPMV4.0;77SL4900757
0000E852;TAPMV4.0;77SL4900822
0000E862;TAPMV4.0;77SL4900398
0000E928;TAPMV4.0;77SL4901181
0000E8FB;TAPMV4.0;77SL4901183
0000E470;TAPMV4.0;77SL4900768
0000E782;TAPMV4.0;77SL4900782
0000E51E;TAPMV4.0;77SL4800725
0000E7CA;TAPMV4.0;77SL4900237
0000EA7E;TAPMV4.0;77SL4901329
0000E514;TAPMV4.0;77SL4800775
0000E836;TAPMV4.0;77SL4900430
0000EA01;TAPMV4.0;77SL4901099
0000E596;TAPMV4.0;77SL4800813
0000EA54;TAPMV4.0;77SL4901003
0000E8EC;TAPMV4.0;77SL4901197
0000E8BE;TAPMV4.0;77SL4900312
0000E831;TAPMV4.0;77SL4900427
0000EA62;TAPMV4.0;77SL4901148
0000EA83;TAPMV4.0;77SL4901326
0000E91B;TAPMV4.0;77SL4901227
0000EA58;TAPMV4.0;77SL4901158
0000EA51;TAPMV4.0;77SL4901163
0000E546;TAPMV4.0;77SL4800693
0000E7E0;TAPMV4.0;77SL4900319
0000E8C5;TAPMV4.0;77SL4900284
0000E7C2;TAPMV4.0;77SL4900789
0000E7DA;TAPMV4.0;77SL4900241
0000E983;TAPMV4.0;77SL4901021
0000E98D;TAPMV4.0;77SL4901385
0000E9AE;TAPMV4.0;77SL4901376
0000EA6C;TAPMV4.0;77SL4901095
0000E50F;TAPMV4.0;77SL4800780
0000E988;TAPMV4.0;77SL4901018
0000E859;TAPMV4.0;77SL4900390
0000E998;TAPMV4.0;77SL4901124
0000E7D9;TAPMV4.0;77SL4900318
0000E849;TAPMV4.0;77SL4900365
0000E7C9;TAPMV4.0;77SL4900794
0000E984;TAPMV4.0;77SL4901020
0000E986;TAPMV4.0;77SL4901014
0000EA68;TAPMV4.0;77SL4901144
0000EA47;TAPMV4.0;77SL4901403
0000E9F3;TAPMV4.0;77SL4901117
0000E4AA;TAPMV4.0;77SL4900056
0000EA66;TAPMV4.0;77SL4901444
0000E9C7;TAPMV4.0;77SL4901361
0000EA53;TAPMV4.0;77SL4901004
0000E916;TAPMV4.0;77SL4901243
0000E830;TAPMV4.0;77SL4900420
0000E97D;TAPMV4.0;77SL4901025
0000E98B;TAPMV4.0;77SL4901391
0000EA69;TAPMV4.0;77SL4901092
0000E981;TAPMV4.0;77SL4901017
0000EA6A;TAPMV4.0;77SL4901097
0000EA19;TAPMV4.0;77SL4901288
0000E8D1;TAPMV4.0;77SL4900460
0000E991;TAPMV4.0;77SL4901123
0000E8CE;TAPMV4.0;77SL4900798
0000E8D6;TAPMV4.0;77SL4900859
0000E7C5;TAPMV4.0;77SL4900791
0000E7DD;TAPMV4.0;77SL4900322
0000E9C5;TAPMV4.0;77SL4901359
0000E882;TAPMV4.0;77SL4900001
0000E9C2;TAPMV4.0;77SL4901344
0000E7DF;TAPMV4.0;77SL4900320
0000E98C;TAPMV4.0;77SL4901390
0000EA5A;TAPMV4.0;77SL4901152
0000E9C0;TAPMV4.0;77SL4901350
0000E9B5;TAPMV4.0;77SL4901012
0000E8C1;TAPMV4.0;77SL4900307
0000EA88;TAPMV4.0;77SL4901317
0000E50E;TAPMV4.0;77SL4800782
0000E9B6;TAPMV4.0;77SL4901011
0000E987;TAPMV4.0;
0000EA70;TAPMV4.0;77SL4901093
0000E98A;TAPMV4.0;77SL4901386
0000E8E0;TAPMV4.0;77SL4901214
0000E976;TAPMV4.0;77SL4901033
0000EA4F;TAPMV4.0;77SL4901006
0000E4BD;TAPMV4.0;77SL4900517
0000E511;TAPMV4.0;77SL4800777
0000EA80;TAPMV4.0;77SL4901331
0000E978;TAPMV4.0;77SL4901032
0000E84A;TAPMV4.0;77SL4900364
0000E9CF;TAPMV4.0;77SL4901353
0000EA57;TAPMV4.0;77SL4901159
0000E7D2;TAPMV4.0;77SL4900210
0000E516;TAPMV4.0;77SL4800773
0000E8E7;TAPMV4.0;77SL4901205
0000E86E;TAPMV4.0;77SL4900847
0000E97F;TAPMV4.0;77SL4901023
0000E51D;TAPMV4.0;77SL4800726
0000EA6B;TAPMV4.0;77SL4901096
0000E850;TAPMV4.0;77SL4900818
0000E974;TAPMV4.0;77SL4901133
0000E8DC;TAPMV4.0;77SL4900800
0000E97B;TAPMV4.0;77SL4901031
0000E9BF;TAPMV4.0;77SL4901349
0000E9B7;TAPMV4.0;77SL4901016
0000EA84;TAPMV4.0;77SL4901327
0000E9A9;TAPMV4.0;77SL4901379
0000EA72;TAPMV4.0;77SL4901335
0000E9CB;TAPMV4.0;77SL4901357
0000E646;TAPMV4.0;77SL4800547
0000E9B0;TAPMV4.0;77SL4901374
0000E85F;TAPMV4.0;77SL4900392
0000E9B3;TAPMV4.0;77SL4901142
0000E964;TAPMV4.0;77SL4901000
0000E8DD;TAPMV4.0;77SL4901211
0000EA64;TAPMV4.0;77SL4901146
0000E969;TAPMV4.0;77SL4901134
0000E99C;TAPMV4.0;77SL4901116
0000EA26;TAPMV4.0;77SL4901296
0000E982;TAPMV4.0;77SL4901022
0000EA75;TAPMV4.0;77SL4901342
0000E8A6;TAPMV4.0;77SL4900073
0000E8EA;TAPMV4.0;77SL4901200
0000E8F2;TAPMV4.0;77SL4901188
0000E8F1;TAPMV4.0;77SL4901189
0000E9F1;TAPMV4.0;77SL4901113
0000E9D9;TAPMV4.0;77SL4901410
0000E946;TAPMV4.0;77SL4901137
0000E9DA;TAPMV4.0;77SL4901411
0000E9E1;TAPMV4.0;77SL4901462
0000E81D;TAPMV4.0;77SL4900288
0000EA21;TAPMV4.0;77SL4901300
0000E79B;TAPMV4.0;77SL4900403
0000E78D;TAPMV4.0;77SL4900298
0000E996;TAPMV4.0;77SL4901120
0000E95C;TAPMV4.0;77SL4900978
0000E793;TAPMV4.0;77SL4900273
0000E97C;TAPMV4.0;77SL4901030
0000E99D;TAPMV4.0;77SL4901059
0000EA11;TAPMV4.0;77SL4901275
0000E934;TAPMV4.0;77SL4901169
0000EA61;TAPMV4.0;77SL4901143
0000E95F;TAPMV4.0;77SL4900973
0000EA71;TAPMV4.0;77SL4901334
0000EA7B;TAPMV4.0;77SL4901340
0000E4E5;TAPMV4.0;77SL4800619
0000E92C;TAPMV4.0;77SL4901173
0000E92D;TAPMV4.0;77SL4901168
0000E92B;TAPMV4.0;77SL4901174
0000EA1A;TAPMV4.0;77SL4901287
0000E96B;TAPMV4.0;77SL4900991
0000EA5D;TAPMV4.0;77SL4901151
0000E9E9;TAPMV4.0;77SL4901055
0000E9F5;TAPMV4.0;77SL4901111
0000E995;TAPMV4.0;77SL4901121
0000E9FA;TAPMV4.0;77SL4901108
0000EA1C;TAPMV4.0;77SL4901291
0000E923;TAPMV4.0;77SL4901179
0000E93E;TAPMV4.0;77SL4901251
0000E796;TAPMV4.0;77SL4900270
0000EA07;TAPMV4.0;77SL4901264
0000E939;TAPMV4.0;77SL4901259
0000E950;TAPMV4.0;77SL4900988
0000E94E;TAPMV4.0;77SL4900970
0000E94C;TAPMV4.0;77SL4901138
0000E4BF;TAPMV4.0;77SL4900513
0000E962;TAPMV4.0;77SL4900996
0000E78F;TAPMV4.0;77SL4900296
0000E8AE;TAPMV4.0;77SL4900662
0000E943;TAPMV4.0;77SL4901256
0000E98F;TAPMV4.0;77SL4901383
0000EA28;TAPMV4.0;77SL4901299
0000E949;TAPMV4.0;77SL4900992
0000E91A;TAPMV4.0;77SL4901232
0000E963;TAPMV4.0;77SL4901001
0000EA8A;TAPMV4.0;77SL4901276
0000E975;TAPMV4.0;77SL4901034
0000E9C4;TAPMV4.0;77SL4901346
0000E9EA;TAPMV4.0;77SL4901054
0000EA65;TAPMV4.0;77SL4901445
0000E9C8;TAPMV4.0;77SL4901364
0000EA0A;TAPMV4.0;77SL4901268
0000EA67;TAPMV4.0;77SL4901145
0000EA60;TAPMV4.0;77SL4901154
0000E948;TAPMV4.0;77SL4900965
0000E9A8;TAPMV4.0;77SL4901367
0000E8E5;TAPMV4.0;77SL4901202
0000E98E;TAPMV4.0;77SL4901384
0000E9BE;TAPMV4.0;77SL4901348
0000EA5F;TAPMV4.0;77SL4901149
0000E96C;TAPMV4.0;77SL4900990
0000EA34;TAPMV4.0;77SL4901307
0000E9AB;TAPMV4.0;77SL4901377
0000E9A6;TAPMV4.0;77SL4901380
0000E9A5;TAPMV4.0;77SL4901381
0000E79C;TAPMV4.0;77SL4900245
0000EA7A;TAPMV4.0;77SL4901339
0000E968;TAPMV4.0;77SL4900998
0000E93F;TAPMV4.0;77SL4901255
0000EA7F;TAPMV4.0;77SL4901330
0000EA1E;TAPMV4.0;77SL4901286
0000E860;TAPMV4.0;77SL4900391
0000E7E2;TAPMV4.0;77SL4900325
0000E904;TAPMV4.0;77SL4901216
0000E873;TAPMV4.0;77SL4900006
0000E4ED;TAPMV4.0;77SL4800611
0000E7D7;TAPMV4.0;77SL4900780
0000E87E;TAPMV4.0;77SL4900464
0000E810;TAPMV4.0;77SL4900369
0000E784;TAPMV4.0;77SL4900229
0000E7DB;TAPMV4.0;77SL4900242
0000E788;TAPMV4.0;77SL4900304
0000E78C;TAPMV4.0;77SL4900299
0000E95E;TAPMV4.0;77SL4900974
0000E823;TAPMV4.0;77SL4900290
0000E8A4;TAPMV4.0;77SL4900844
0000E845;TAPMV4.0;77SL4900360
0000E7EC;TAPMV4.0;77SL4900381
0000EA36;TAPMV4.0;77SL4901452
0000E7FB;TAPMV4.0;77SL4900328
0000EA04;TAPMV4.0;77SL4901102
0000E7F5;TAPMV4.0;77SL4900327
0000E846;TAPMV4.0;77SL4900359
0000E88E;TAPMV4.0;77SL4900810
0000E879;TAPMV4.0;77SL4900450
0000EA0E;TAPMV4.0;77SL4901283
0000E972;TAPMV4.0;77SL4901129
0000E9B9;TAPMV4.0;77SL4901351
0000E89B;TAPMV4.0;77SL4900838
0000E7E5;TAPMV4.0;77SL4900380
0000E88F;TAPMV4.0;77SL4900809
0000E8A8;TAPMV4.0;77SL4900071
0000E7AB;TAPMV4.0;77SL4900214
0000E7BB;TAPMV4.0;77SL4900221
0000E7CF;TAPMV4.0;77SL4900232
0000E513;TAPMV4.0;77SL4800778
0000E81E;TAPMV4.0;77SL4900286
0000EA45;TAPMV4.0;77SL4901399
0000EA2A;TAPMV4.0;77SL4901293
0000E8B1;TAPMV4.0;77SL4900447
0000E8B2;TAPMV4.0;77SL4900801
0000E542;TAPMV4.0;77SL4800639
0000E8AF;TAPMV4.0;77SL4900081
0000E7A4;TAPMV4.0;77SL4900206
0000E7B9;TAPMV4.0;77SL4900223
0000E7B3;TAPMV4.0;77SL4900701
0000E7AA;TAPMV4.0;77SL4900201
0000E5BB;TAPMV4.0;77SL4800722
0000E88C;TAPMV4.0;77SL4900854
0000EA1D;TAPMV4.0;77SL4901281
0000E82A;TAPMV4.0;77SL4900418
0000E843;TAPMV4.0;77SL4900815
0000E841;TAPMV4.0;77SL4900356
0000E775;TAPMV4.0;77SL4800251
0000E57D;TAPMV4.0;77SL4800919
0000E80E;TAPMV4.0;77SL4900371
0000E805;TAPMV4.0;77SL4900352
0000EA3D;TAPMV4.0;77SL4901451
0000E827;TAPMV4.0;77SL4900295
0000E37E;TAPMV4.0;77SL4900102
0000E382;TAPMV4.0;77SL4900594
0000E572;TAPMV4.0;77SL4800908
0000E80B;TAPMV4.0;77SL4900353
0000E9E0;TAPMV4.0;77SL4901412
0000E5C4;TAPMV4.0;77SL4800576
0000E388;TAPMV4.0;77SL4900131
0000E801;TAPMV4.0;77SL4900348
0000E83D;TAPMV4.0;77SL4900813
0000E77F;TAPMV4.0;77SL4800235
0000EBF5;TAPMV4.0;77SL4901818
0000EB40;TAPMV4.0;77SL4901579
0000EB4B;TAPMV4.0;77SL4901473
0000EAC0;TAPMV4.0;77SL4901481
0000EC00;TAPMV4.0;77SL4901823
0000EB1D;TAPMV4.0;77SL4901901
0000EB21;TAPMV4.0;77SL4901788
0000EB61;TAPMV4.0;77SL4901622
0000EACB;TAPMV4.0;77SL4901954
0000EB52;TAPMV4.0;77SL4901600
0000EB3E;TAPMV4.0;77SL4901974
0000EABF;TAPMV4.0;77SL4901483
0000EB8D;TAPMV4.0;77SL4901528
0000EB6B;TAPMV4.0;77SL4901609
0000EB7C;TAPMV4.0;77SL4901834
0000EB9F;TAPMV4.0;77SL4901591
0000EB79;TAPMV4.0;77SL4901837
0000EB7F;TAPMV4.0;77SL4901839
0000EB0C;TAPMV4.0;77SL4901886
0000EB5E;TAPMV4.0;77SL4901784
0000EB5A;TAPMV4.0;77SL4901608
0000EB5D;TAPMV4.0;77SL4901786
0000EB60;TAPMV4.0;77SL4901783
0000EAF7;TAPMV4.0;77SL4901948
0000EB30;TAPMV4.0;77SL4901562
0000EB42;TAPMV4.0;77SL4901978
0000E992;TAPMV4.0;77SL4901122
0000EA6E;TAPMV4.0;77SL4901089
0000E854;TAPMV4.0;77SL4900820
0000E4C1;TAPMV4.0;77SL4900644
0000E8DA;TAPMV4.0;77SL4900797
0000E999;TAPMV4.0;77SL4901062
0000E8C6;TAPMV4.0;77SL4900285
0000E9C3;TAPMV4.0;77SL4901345
0000E9A0;TAPMV4.0;77SL4901067
0000E973;TAPMV4.0;77SL4901128
0000EA79;TAPMV4.0;77SL4901338
0000EA6F;TAPMV4.0;77SL4901094
0000E990;TAPMV4.0;77SL4901388
0000E8F5;TAPMV4.0;77SL4901187
0000E79D;TAPMV4.0;77SL4900244
0000E8B9;TAPMV4.0;77SL4900315
0000E8BA;TAPMV4.0;77SL4900445
0000E8AA;TAPMV4.0;77SL4900074
0000E853;TAPMV4.0;77SL4900821
0000E4EA;TAPMV4.0;77SL4800614
0000E9F8;TAPMV4.0;77SL4901114
0000E9DC;TAPMV4.0;77SL4901392
0000E9FB;TAPMV4.0;77SL4901107
0000E919;TAPMV4.0;77SL4901228
0000E901;TAPMV4.0;77SL4901212
0000E815;TAPMV4.0;77SL4900408
0000EA74;TAPMV4.0;77SL4901337
0000EA24;TAPMV4.0;77SL4901285
0000E79F;TAPMV4.0;77SL4900238
0000E9A4;TAPMV4.0;77SL4901060
0000EA00;TAPMV4.0;77SL4901104
0000E9EF;TAPMV4.0;77SL4901051
0000EB26;TAPMV4.0;77SL4901558
0000E9F6;TAPMV4.0;77SL4901110
0000E74E;TAPMV4.0;77SL4800460
0000E925;TAPMV4.0;77SL4901178
0000E9BB;TAPMV4.0;77SL4901009
0000E9CE;TAPMV4.0;77SL4901372
0000EA50;TAPMV4.0;77SL4901005
0000EA23;TAPMV4.0;77SL4901302
0000E930;TAPMV4.0;77SL4901170
0000E92E;TAPMV4.0;77SL4901167
0000E937;TAPMV4.0;77SL4901162
0000E9D0;TAPMV4.0;77SL4901354
0000E9F0;TAPMV4.0;77SL4901052
0000E938;TAPMV4.0;77SL4901161
0000E9A3;TAPMV4.0;77SL4901061
0000E932;TAPMV4.0;77SL4901165
0000E91E;TAPMV4.0;77SL4901225
0000E91D;TAPMV4.0;77SL4901221
0000E924;TAPMV4.0;77SL4901226
0000E9E3;TAPMV4.0;77SL4901405
0000E8FA;TAPMV4.0;77SL4901223
0000E8F9;TAPMV4.0;77SL4901222
0000EA39;TAPMV4.0;77SL4901460
0000E935;TAPMV4.0;77SL4901261
0000E9EB;TAPMV4.0;77SL4901053
0000E896;TAPMV4.0;77SL4900834
0000E790;TAPMV4.0;77SL4900266
0000EA5E;TAPMV4.0;77SL4901150
0000E9A2;TAPMV4.0;77SL4901056
0000E9B2;TAPMV4.0;77SL4901035
0000E9AD;TAPMV4.0;77SL4901371
0000E9CA;TAPMV4.0;77SL4901356
0000EA5B;TAPMV4.0;77SL4901157
0000E9AA;TAPMV4.0;77SL4901378
0000E989;TAPMV4.0;77SL4901387
0000EA10;TAPMV4.0;77SL4901266
0000E8E3;TAPMV4.0;77SL4901207
0000E9BC;TAPMV4.0;77SL4901013
0000EA4A;TAPMV4.0;77SL4901008
0000E979;TAPMV4.0;77SL4901027
0000E9E5;TAPMV4.0;77SL4901058
0000E93A;TAPMV4.0;77SL4901258
0000E8F4;TAPMV4.0;77SL4901193
0000E910;TAPMV4.0;77SL4901234
0000E959;TAPMV4.0;77SL4900975
0000E7D3;TAPMV4.0;77SL4900778
0000E78A;TAPMV4.0;77SL4900303
0000E78B;TAPMV4.0;77SL4900300
0000E4F8;TAPMV4.0;77SL4800643
0000E85B;TAPMV4.0;77SL4900388
0000E818;TAPMV4.0;77SL4900405
0000E4E8;TAPMV4.0;77SL4800616
0000E970;TAPMV4.0;77SL4901135
0000E884;TAPMV4.0;77SL4900452
0000E881;TAPMV4.0;77SL4900849
0000E84E;TAPMV4.0;77SL4900819
0000EA7D;TAPMV4.0;77SL4901328
0000EA30;TAPMV4.0;77SL4901311
0000E804;TAPMV4.0;77SL4900335
0000E7B7;TAPMV4.0;77SL4900225
0000E7F9;TAPMV4.0;77SL4900330
0000E856;TAPMV4.0;77SL4900826
0000E9D7;TAPMV4.0;77SL4901395
0000E7F7;TAPMV4.0;77SL4900685
0000E942;TAPMV4.0;77SL4900964
0000E7B0;TAPMV4.0;77SL4900698
0000E885;TAPMV4.0;77SL4900853
0000E8A2;TAPMV4.0;77SL4900846
0000E89D;TAPMV4.0;77SL4900843
0000EA76;TAPMV4.0;77SL4901323
0000E7B1;TAPMV4.0;77SL4900213
0000E7CE;TAPMV4.0;77SL4900231
0000E7CC;TAPMV4.0;77SL4900235
0000E7BC;TAPMV4.0;77SL4900220
0000EA77;TAPMV4.0;77SL4901324
0000E8B4;TAPMV4.0;77SL4900802
0000E4F4;TAPMV4.0;77SL4800605
0000E89A;TAPMV4.0;77SL4900839
0000E7A2;TAPMV4.0;77SL4900209
0000E7A8;TAPMV4.0;77SL4900202
0000E7A1;TAPMV4.0;77SL4900857
0000E7B2;TAPMV4.0;77SL4900212
0000E7EA;TAPMV4.0;77SL4900383
0000E7ED;TAPMV4.0;77SL4900691
0000E7E9;TAPMV4.0;77SL4900384
0000E89C;TAPMV4.0;77SL4900836
0000E82E;TAPMV4.0;77SL4900422
0000E729;TAPMV4.0;77SL4800501
0000E6B1;TAPMV4.0;77SL4800483
0000E897;TAPMV4.0;77SL4900833
0000E840;TAPMV4.0;77SL4900317
0000E3B0;TAPMV4.0;77SL4900124
0000E83A;TAPMV4.0;77SL4900434
0000EA44;TAPMV4.0;77SL4901446
0000E560;TAPMV4.0;77SL4800634
0000E80C;TAPMV4.0;77SL4900351
0000E7FD;TAPMV4.0;77SL4900334
0000E7FF;TAPMV4.0;77SL4900332
0000E5D3;TAPMV4.0;77SL4800795
0000EA3C;TAPMV4.0;77SL4901458
0000E803;TAPMV4.0;77SL4900347
0000E7FE;TAPMV4.0;77SL4900333
0000E800;TAPMV4.0;77SL4900331
0000E5C9;TAPMV4.0;77SL4800896
0000EA3F;TAPMV4.0;77SL4901449
0000EAC1;TAPMV4.0;77SL4901968
0000EB53;TAPMV4.0;77SL4901480
0000EABC;TAPMV4.0;77SL4901484
0000EB08;TAPMV4.0;77SL4901890
0000EB22;TAPMV4.0;77SL4901787
0000EB23;TAPMV4.0;77SL4901581
0000EB5C;TAPMV4.0;77SL4901606
0000EB06;TAPMV4.0;77SL4901889
0000EB0F;TAPMV4.0;77SL4901881
0000EAC5;TAPMV4.0;77SL4901972
0000EB54;TAPMV4.0;77SL4901479
0000EB9E;TAPMV4.0;77SL4901592
0000E898;TAPMV4.0;77SL4900832
0000EB07;TAPMV4.0;77SL4901888
0000E847;TAPMV4.0;77SL4900358
0000EB65;TAPMV4.0;77SL4901626
0000EB6E;TAPMV4.0;77SL4901613
0000EB84;TAPMV4.0;77SL4901842
0000EC68;TAPMV4.0;77SL4901320
0000EC17;TAPMV4.0;77SL4800885
0000E93C;TAPMV4.0;77SL4901262
0000E94F;TAPMV4.0;77SL4900971
0000E9D8;TAPMV4.0;77SL4901400
0000E9BA;TAPMV4.0;77SL4901352
0000E9CD;TAPMV4.0;77SL4901373
0000EC14;TAPMV4.0;77SL4800891
0000EC2E;TAPMV4.0;77SL4901755
0000EBEA;TAPMV4.0;77SL4901804
0000EB0B;TAPMV4.0;77SL4901884
0000EB00;TAPMV4.0;77SL4901935
0000EB98;TAPMV4.0;77SL4901533
0000EAFF;TAPMV4.0;77SL4901936
0000EC2F;TAPMV4.0;77SL4901758
0000EBF3;TAPMV4.0;77SL4901813
0000EBED;TAPMV4.0;77SL4901810
0000EC24;TAPMV4.0;77SL4901863
0000EC82;TAPMV4.0;77SL4901419
0000EC55;TAPMV4.0;77SL4901041
0000EC38;TAPMV4.0;77SL4901764
0000EAA3;TAPMV4.0;77SL4901503
0000EC29;TAPMV4.0;77SL4901756
0000EC39;TAPMV4.0;77SL4800809
0000EC4C;TAPMV4.0;77SL4901079
0000EC2A;TAPMV4.0;77SL4901754
0000EC13;TAPMV4.0;77SL4800890
0000EC67;TAPMV4.0;77SL4901425
0000EBCB;TAPMV4.0;77SL4901540
0000EA25;TAPMV4.0;77SL4901298
0000EA2E;TAPMV4.0;77SL4901309
0000EA2B;TAPMV4.0;77SL4901294
0000EA03;TAPMV4.0;77SL4901103
0000EBDD;TAPMV4.0;77SL4901774
0000EC3E;TAPMV4.0;77SL4800654
0000EC19;TAPMV4.0;77SL4800849
0000EBE3;TAPMV4.0;77SL4901776
0000EC41;TAPMV4.0;77SL4800659
0000EC66;TAPMV4.0;77SL4901430
0000EAED;TAPMV4.0;77SL4901943
0000EBDE;TAPMV4.0;77SL4901773
0000EC88;TAPMV4.0;77SL4901423
0000EC49;TAPMV4.0;77SL4901080
0000EC11;TAPMV4.0;77SL4800887
0000EC4E;TAPMV4.0;77SL4901085
0000EBE0;TAPMV4.0;77SL4901771
0000EBE2;TAPMV4.0;77SL4901777
0000EC1F;TAPMV4.0;77SL4800847
0000EC3F;TAPMV4.0;77SL4800653
0000EAAB;TAPMV4.0;77SL4901495
0000EBBE;TAPMV4.0;77SL4901859
0000EC85;TAPMV4.0;77SL4901422
0000EC37;TAPMV4.0;77SL4901541
0000EC81;TAPMV4.0;77SL4901420
0000EBEE;TAPMV4.0;77SL4901809
0000E966;TAPMV4.0;77SL4900994
0000EC80;TAPMV4.0;77SL4901414
0000EBF9;TAPMV4.0;77SL4901822
0000EAEE;TAPMV4.0;77SL4901902
0000EB9A;TAPMV4.0;77SL4901588
0000EADE;TAPMV4.0;77SL4901915
0000EB77;TAPMV4.0;77SL4901552
0000EB25;TAPMV4.0;77SL4901559
0000EAD5;TAPMV4.0;77SL4901928
0000EB2C;TAPMV4.0;77SL4901560
0000EB4F;TAPMV4.0;77SL4901476
0000EBAE;TAPMV4.0;77SL4901833
0000EAE6;TAPMV4.0;77SL4901903
0000EA9E;TAPMV4.0;77SL4901486
0000EBBA;TAPMV4.0;77SL4901855
0000EC04;TAPMV4.0;77SL4901749
0000EC42;TAPMV4.0;77SL4800658
0000EBC1;TAPMV4.0;77SL4901534
0000EB62;TAPMV4.0;77SL4901621
0000EC35;TAPMV4.0;77SL4800805
0000EB95;TAPMV4.0;77SL4901583
0000EB71;TAPMV4.0;77SL4901618
0000EB11;TAPMV4.0;77SL4901875
0000EB5B;TAPMV4.0;77SL4901607
0000EBC4;TAPMV4.0;77SL4901861
0000EAFC;TAPMV4.0;77SL4901951
0000EB47;TAPMV4.0;77SL4901464
0000EB3F;TAPMV4.0;77SL4901912
0000EB45;TAPMV4.0;77SL4901471
0000EB63;TAPMV4.0;77SL4901620
0000EAF0;TAPMV4.0;77SL4901909
0000EC73;TAPMV4.0;77SL4901437
0000EAE7;TAPMV4.0;77SL4901922
0000EC62;TAPMV4.0;77SL4901073
0000EC51;TAPMV4.0;77SL4901040
0000EAB7;TAPMV4.0;77SL4901468
0000EB69;TAPMV4.0;77SL4901610
0000EC05;TAPMV4.0;77SL4800888
0000EBC5;TAPMV4.0;77SL4901538
0000EAE0;TAPMV4.0;77SL4901913
0000EA9D;TAPMV4.0;77SL4901485
0000EAA7;TAPMV4.0;77SL4901499
0000EA9F;TAPMV4.0;77SL4901487
0000EBF1;TAPMV4.0;77SL4901812
0000EAFD;TAPMV4.0;77SL4901938
0000E84D;TAPMV4.0;77SL4900362
0000EA82;TAPMV4.0;77SL4901318
0000E8DE;TAPMV4.0;77SL4901210
0000E997;TAPMV4.0;77SL4901119
0000E8E8;TAPMV4.0;77SL4901204
0000E993;TAPMV4.0;77SL4901127
0000E8E1;TAPMV4.0;77SL4901208
0000EA2C;TAPMV4.0;77SL4901295
0000E8CF;TAPMV4.0;77SL4900278
0000E7A0;TAPMV4.0;77SL4900239
0000E7E4;TAPMV4.0;77SL4900323
0000E8F3;TAPMV4.0;77SL4901192
0000E8A9;TAPMV4.0;77SL4900077
0000E895;TAPMV4.0;77SL4900835
0000E977;TAPMV4.0;77SL4901029
0000E9E8;TAPMV4.0;77SL4901461
0000E947;TAPMV4.0;77SL4900966
0000E936;TAPMV4.0;77SL4901260
0000E9E4;TAPMV4.0;77SL4901404
0000E900;TAPMV4.0;77SL4901218
0000E518;TAPMV4.0;77SL4800771
0000E797;TAPMV4.0;77SL4900269
0000E9E7;TAPMV4.0;77SL4901401
0000E9EE;TAPMV4.0;77SL4901050
0000E79E;TAPMV4.0;77SL4900243
0000E9B8;TAPMV4.0;77SL4901015
0000E7BF;TAPMV4.0;77SL4900858
0000E95D;TAPMV4.0;77SL4900969
0000E709;TAPMV4.0;77SL4800360
0000E7CB;TAPMV4.0;77SL4900236
0000E9C6;TAPMV4.0;77SL4901360
0000E83C;TAPMV4.0;77SL4900432
0000E929;TAPMV4.0;77SL4901171
0000E933;TAPMV4.0;77SL4901164
0000EA14;TAPMV4.0;77SL4901279
0000E7A3;TAPMV4.0;77SL4900208
0000E9FC;TAPMV4.0;77SL4901112
0000EA17;TAPMV4.0;77SL4901273
0000EA13;TAPMV4.0;77SL4901277
0000EC87;TAPMV4.0;77SL4901424
0000EC7C;TAPMV4.0;77SL4901088
0000EA16;TAPMV4.0;77SL4901140
0000E7EB;TAPMV4.0;77SL4900382
0000EA20;TAPMV4.0;77SL4901289
0000E94A;TAPMV4.0;77SL4900968
0000E96A;TAPMV4.0;77SL4901139
0000EB7A;TAPMV4.0;77SL4901836
0000E6A3;TAPMV4.0;77SL4800467
0000E80D;TAPMV4.0;77SL4900372
0000E78E;TAPMV4.0;77SL4900297
0000E887;TAPMV4.0;77SL4900851
0000E9FE;TAPMV4.0;77SL4901106
0000E9A7;TAPMV4.0;77SL4901362
0000E9D4;TAPMV4.0;77SL4901368
0000E817;TAPMV4.0;77SL4900406
0000EA09;TAPMV4.0;77SL4901267
0000EA0B;TAPMV4.0;77SL4901269
0000EA22;TAPMV4.0;77SL4901301
0000E94B;TAPMV4.0;77SL4900987
0000E940;TAPMV4.0;77SL4901254
0000E944;TAPMV4.0;77SL4901130
0000E9E2;TAPMV4.0;77SL4901406
0000E903;TAPMV4.0;77SL4901217
0000E83B;TAPMV4.0;77SL4900433
0000E8A7;TAPMV4.0;77SL4900070
0000E96D;TAPMV4.0;77SL4901132
0000E523;TAPMV4.0;77SL4800872
0000E7C8;TAPMV4.0;77SL4900790
0000E4F3;TAPMV4.0;77SL4800606
0000E877;TAPMV4.0;77SL4900007
0000E7E3;TAPMV4.0;77SL4900324
0000E783;TAPMV4.0;77SL4900786
0000E70B;TAPMV4.0;77SL4800395
0000E753;TAPMV4.0;77SL4800521
0000E7BA;TAPMV4.0;77SL4900222
0000E522;TAPMV4.0;77SL4800871
0000EA5C;TAPMV4.0;77SL4901156
0000EA33;TAPMV4.0;77SL4901306
0000E8B3;TAPMV4.0;77SL4900666
0000E7F1;TAPMV4.0;77SL4900695
0000EA2D;TAPMV4.0;77SL4901308
0000EA43;TAPMV4.0;77SL4901447
0000E82B;TAPMV4.0;77SL4900417
0000EA29;TAPMV4.0;77SL4901312
0000E7F4;TAPMV4.0;77SL4900692
0000E8AD;TAPMV4.0;77SL4900661
0000E756;TAPMV4.0;77SL4800524
0000E9FD;TAPMV4.0;77SL4901101
0000EA06;TAPMV4.0;77SL4901272
0000E844;TAPMV4.0;77SL4900814
0000E7B5;TAPMV4.0;77SL4900227
0000E7AC;TAPMV4.0;77SL4900215
0000E7A5;TAPMV4.0;77SL4900207
0000EA0F;TAPMV4.0;77SL4901282
0000E7D0;TAPMV4.0;77SL4900233
0000EA3E;TAPMV4.0;77SL4901450
0000E5CE;TAPMV4.0;77SL4800895
0000E7B6;TAPMV4.0;77SL4900226
0000E7F0;TAPMV4.0;77SL4900385
0000E7CD;TAPMV4.0;77SL4900234
0000EA0C;TAPMV4.0;77SL4901270
0000E89F;TAPMV4.0;77SL4900841
0000E8A1;TAPMV4.0;77SL4900837
0000E7AE;TAPMV4.0;77SL4900216
0000E7B4;TAPMV4.0;77SL4900702
0000E7EF;TAPMV4.0;77SL4900689
0000E7E6;TAPMV4.0;77SL4900379
0000E84C;TAPMV4.0;77SL4900361
0000E515;TAPMV4.0;77SL4800774
0000E7F2;TAPMV4.0;77SL4900694
0000E83F;TAPMV4.0;77SL4900811
0000E825;TAPMV4.0;77SL4900415
0000E826;TAPMV4.0;77SL4900292
0000E6A2;TAPMV4.0;77SL4800468
0000E822;TAPMV4.0;77SL4900291
0000E83E;TAPMV4.0;77SL4900812
0000EA35;TAPMV4.0;77SL4901453
0000E839;TAPMV4.0;77SL4900316
0000EA7C;TAPMV4.0;77SL4901341
0000E802;TAPMV4.0;77SL4900346
0000EA3A;TAPMV4.0;77SL4901455
0000E833;TAPMV4.0;77SL4900425
0000E76E;TAPMV4.0;77SL4800240
0000E57F;TAPMV4.0;77SL4800917
0000EA32;TAPMV4.0;77SL4901305
0000E807;TAPMV4.0;77SL4900349
0000E58E;TAPMV4.0;77SL4800758
0000E5C7;TAPMV4.0;77SL4800900
0000E891;TAPMV4.0;77SL4900831
0000E7B8;TAPMV4.0;77SL4900224
0000E426;TAPMV4.0;77SL4900861
0000E63E;TAPMV4.0;77SL4800499
0000EAB6;TAPMV4.0;77SL4901466
0000EAC2;TAPMV4.0;77SL4901967
0000EB41;TAPMV4.0;77SL4901980
0000EAC8;TAPMV4.0;77SL4901970
0000EB3D;TAPMV4.0;77SL4901975
0000EB43;TAPMV4.0;77SL4901977
0000EAC6;TAPMV4.0;77SL4901969
0000EAB9;TAPMV4.0;77SL4901891
0000EB4D;TAPMV4.0;77SL4901478
0000EB03;TAPMV4.0;77SL4901940
0000EB67;TAPMV4.0;77SL4901624
0000EB28;TAPMV4.0;77SL4901556
0000EB48;TAPMV4.0;77SL4901463
0000EAF9;TAPMV4.0;77SL4901934
0000E848;TAPMV4.0;77SL4900357
0000EB75;TAPMV4.0;77SL4901554
0000EB74;TAPMV4.0;77SL4901615
0000EB92;TAPMV4.0;77SL4901531
0000EB80;TAPMV4.0;77SL4901838
0000EB05;TAPMV4.0;77SL4901887
0000EB01;TAPMV4.0;77SL4901942
0000EBFB;TAPMV4.0;77SL4901820
0000EB2B;TAPMV4.0;77SL4901561
0000EBAD;TAPMV4.0;77SL4901844
0000EB04;TAPMV4.0;77SL4901939
0000EB9C;TAPMV4.0;77SL4901586
0000EB9B;TAPMV4.0;77SL4901587
0000EAD3;TAPMV4.0;77SL4901962
0000EB81;TAPMV4.0;77SL4901790
0000EACE;TAPMV4.0;77SL4901959
0000EC20;TAPMV4.0;77SL4800848
0000EBE8;TAPMV4.0;77SL4901779
0000EA92;TAPMV4.0;77SL4901518
0000EC75;TAPMV4.0;77SL4901086
0000EBE7;TAPMV4.0;77SL4901780
0000EBCE;TAPMV4.0;77SL4901546
0000EC27;TAPMV4.0;77SL4901870
0000EC4A;TAPMV4.0;77SL4901082
0000EC32;TAPMV4.0;77SL4800892
0000EC69;TAPMV4.0;77SL4901431
0000EC64;TAPMV4.0;77SL4901069
0000EA1B;TAPMV4.0;77SL4901292
0000EBDA;TAPMV4.0;77SL4901769
0000EC5B;TAPMV4.0;77SL4901043
0000EC71;TAPMV4.0;77SL4901442
0000EBD3;TAPMV4.0;77SL4901549
0000EC3D;TAPMV4.0;77SL4800655
0000EAAA;TAPMV4.0;77SL4901513
0000EAF2;TAPMV4.0;77SL4901945
0000EAF4;TAPMV4.0;77SL4901963
0000EC86;TAPMV4.0;77SL4901427
0000EC63;TAPMV4.0;77SL4901068
0000EBCC;TAPMV4.0;77SL4901539
0000EC5E;TAPMV4.0;77SL4901049
0000EC08;TAPMV4.0;77SL4800841
0000EC03;TAPMV4.0;77SL4901750
0000EC33;TAPMV4.0;77SL4901761
0000EC07;TAPMV4.0;77SL4800844
0000EC2B;TAPMV4.0;77SL4901753
0000EC6C;TAPMV4.0;77SL4901428
0000EA94;TAPMV4.0;77SL4901520
0000EA91;TAPMV4.0;77SL4901521
0000EA95;TAPMV4.0;77SL4901493
0000EC26;TAPMV4.0;77SL4901871
0000EC0D;TAPMV4.0;77SL4800663
0000EB7D;TAPMV4.0;77SL4901841
0000EBC3;TAPMV4.0;77SL4901862
0000EACA;TAPMV4.0;77SL4901955
0000EBB5;TAPMV4.0;77SL4901852
0000EBA6;TAPMV4.0;77SL4901801
0000EB1B;TAPMV4.0;77SL4901895
0000EBF2;TAPMV4.0;77SL4901814
0000EAE5;TAPMV4.0;77SL4901904
0000EC34;TAPMV4.0;77SL4901760
0000EAEC;TAPMV4.0;77SL4901905
0000EC3B;TAPMV4.0;77SL4800807
0000EBCF;TAPMV4.0;77SL4901545
0000EBD8;TAPMV4.0;77SL4901762
0000EBB0;TAPMV4.0;77SL4901831
0000EC43;TAPMV4.0;77SL4800657
0000EBD5;TAPMV4.0;77SL4901766
0000EC6B;TAPMV4.0;77SL4901429
0000EC01;TAPMV4.0;77SL4800839
0000EB29;TAPMV4.0;77SL4901564
0000EAA9;TAPMV4.0;77SL4901512
0000EBB2;TAPMV4.0;77SL4901848
0000EC52;TAPMV4.0;77SL4901321
0000EBB4;TAPMV4.0;77SL4901845
0000EBA1;TAPMV4.0;77SL4901597
0000EBF7;TAPMV4.0;77SL4901816
0000EB5F;TAPMV4.0;77SL4901785
0000EAAE;TAPMV4.0;77SL4901509
0000EBF6;TAPMV4.0;77SL4901817
0000EBAF;TAPMV4.0;77SL4901832
0000EC0A;TAPMV4.0;77SL4800846
0000EB24;TAPMV4.0;77SL4901582
0000EC53;TAPMV4.0;77SL4901542
0000EA96;TAPMV4.0;77SL4901494
0000EACC;TAPMV4.0;77SL4901953
0000EAA8;TAPMV4.0;77SL4901500
0000EBEF;TAPMV4.0;77SL4901805
0000EC23;TAPMV4.0;77SL4901865
0000EB2F;TAPMV4.0;77SL4901565
0000EAD2;TAPMV4.0;77SL4901923
0000EB7B;TAPMV4.0;77SL4901835
0000EBBD;TAPMV4.0;77SL4901860
0000EBFD;TAPMV4.0;77SL4901748
0000EC61;TAPMV4.0;77SL4901072
0000EC5D;TAPMV4.0;77SL4901070
0000EC60;TAPMV4.0;77SL4901045
0000EBF8;TAPMV4.0;77SL4901815
0000E828;TAPMV4.0;77SL4900294
0000E5A4;TAPMV4.0;77SL4800874
0000EA89;TAPMV4.0;77SL4901515
0000EAA2;TAPMV4.0;77SL4901502
0000EC5C;TAPMV4.0;77SL4901042
0000EC6D;TAPMV4.0;77SL4901439
0000EC79;TAPMV4.0;77SL4901084
0000EC7E;TAPMV4.0;77SL4901418
0000EA37;TAPMV4.0;77SL4901457
0000EA12;TAPMV4.0;77SL4901278
0000E874;TAPMV4.0;77SL4900451
0000EAD9;TAPMV4.0;77SL4901932
0000E9FF;TAPMV4.0;77SL4901105
0000E911;TAPMV4.0;
0000E8EF;TAPMV4.0;77SL4901195
0000E8AB;TAPMV4.0;77SL4900793
0000E8F0;TAPMV4.0;77SL4901194
0000E809;TAPMV4.0;77SL4900355
0000EC54;TAPMV4.0;77SL4901322
0000EC58;TAPMV4.0;77SL4901265
0000EB0D;TAPMV4.0;77SL4901883
0000EC7A;TAPMV4.0;77SL4901415
0000EB72;TAPMV4.0;77SL4901617
0000EBF4;TAPMV4.0;77SL4901811
0000EAD4;TAPMV4.0;77SL4901961
0000EAAC;TAPMV4.0;77SL4901496
0000EC1C;TAPMV4.0;77SL4800852
0000EC2D;TAPMV4.0;77SL4901759
0000E8DF;TAPMV4.0;77SL4901209
0000E99B;TAPMV4.0;77SL4901065
0000EA97;TAPMV4.0;77SL4901517
0000EC3A;TAPMV4.0;77SL4800808
0000EC1D;TAPMV4.0;77SL4901864
0000EC31;TAPMV4.0;77SL4901807
0000EC28;TAPMV4.0;77SL4901869
0000EC77;TAPMV4.0;77SL4901319
0000E931;TAPMV4.0;77SL4901166
0000E9F9;TAPMV4.0;77SL4901109
0000E9D2;TAPMV4.0;77SL4901370
0000EA05;TAPMV4.0;77SL4901271
0000EC0B;TAPMV4.0;77SL4800804
0000EBC9;TAPMV4.0;77SL4901543
0000EA98;TAPMV4.0;77SL4901516
0000E9AC;TAPMV4.0;77SL4901363
0000EA49;TAPMV4.0;77SL4901010
0000E917;TAPMV4.0;77SL4901242
0000E8AC;TAPMV4.0;77SL4900495
0000E907;TAPMV4.0;77SL4901244
0000E89E;TAPMV4.0;77SL4900842
0000E8EE;TAPMV4.0;77SL4901196
0000E8BB;TAPMV4.0;77SL4900446
0000E8EB;TAPMV4.0;77SL4901198
0000E9DB;TAPMV4.0;77SL4901393
0000E9ED;TAPMV4.0;77SL4901047
0000E8C0;TAPMV4.0;77SL4900314
0000E9E6;TAPMV4.0;77SL4901456
0000E792;TAPMV4.0;77SL4900274
0000E791;TAPMV4.0;77SL4900275
0000E795;TAPMV4.0;77SL4900271
0000E92F;TAPMV4.0;77SL4901172
0000E9B4;TAPMV4.0;77SL4901141
0000E8A5;TAPMV4.0;77SL4900658
0000EA9C;TAPMV4.0;77SL4901492
0000EC57;TAPMV4.0;77SL4901039
0000EBDF;TAPMV4.0;77SL4901772
0000EC7F;TAPMV4.0;77SL4901413
0000EBCD;TAPMV4.0;77SL4901547
0000EBD2;TAPMV4.0;77SL4901550
0000EC6A;TAPMV4.0;77SL4901432
0000EC1A;TAPMV4.0;77SL4800850
0000EC65;TAPMV4.0;77SL4901433
0000EC2C;TAPMV4.0;77SL4901872
0000EB39;TAPMV4.0;77SL4901580
0000EC36;TAPMV4.0;77SL4901828
0000EBE1;TAPMV4.0;77SL4901778
0000EBFA;TAPMV4.0;77SL4901821
0000EAD7;TAPMV4.0;77SL4901926
0000EC0F;TAPMV4.0;77SL4800801
0000EB87;TAPMV4.0;77SL4901792
0000EBC0;TAPMV4.0;77SL4901857
0000EACF;TAPMV4.0;77SL4901958
0000EBBF;TAPMV4.0;77SL4901858
0000EBDC;TAPMV4.0;77SL4901767
0000EA8F;TAPMV4.0;77SL4901523
0000EB70;TAPMV4.0;77SL4901611
0000EB83;TAPMV4.0;77SL4901843
0000EAB3;TAPMV4.0;77SL4901506
0000EBB3;TAPMV4.0;77SL4901847
0000E93B;TAPMV4.0;77SL4901257
0000E967;TAPMV4.0;77SL4900993
0000E91F;TAPMV4.0;77SL4901224
0000E711;TAPMV4.0;77SL4800399
0000E9BD;TAPMV4.0;77SL4901347
0000E9A1;TAPMV4.0;77SL4901389
0000EA87;TAPMV4.0;77SL4901314
0000E926;TAPMV4.0;77SL4901177
0000E92A;TAPMV4.0;77SL4901175
0000E941;TAPMV4.0;77SL4900963
0000EA1F;TAPMV4.0;77SL4901284
0000EA18;TAPMV4.0;77SL4901274
0000EA2F;TAPMV4.0;77SL4901310
0000E9B1;TAPMV4.0;77SL4901036
0000EC3C;TAPMV4.0;77SL4800806
0000EC74;TAPMV4.0;77SL4901438
0000EBD4;TAPMV4.0;77SL4901548
0000EBDB;TAPMV4.0;77SL4901768
0000EB4A;TAPMV4.0;77SL4901474
0000EAEF;TAPMV4.0;77SL4901910
0000EAFB;TAPMV4.0;77SL4901952
0000EB15;TAPMV4.0;77SL4901893
0000EC5A;TAPMV4.0;77SL4800840
0000EB64;TAPMV4.0;77SL4901619
0000EB31;TAPMV4.0;77SL4901572
0000EB35;TAPMV4.0;77SL4901575
0000EA9B;TAPMV4.0;77SL4901491
0000EC47;TAPMV4.0;77SL4901076
0000EB3B;TAPMV4.0;77SL4901577
0000EC83;TAPMV4.0;77SL4901421
0000EBB1;TAPMV4.0;77SL4901846
0000EADC;TAPMV4.0;77SL4901929
0000EAC4;TAPMV4.0;77SL4901965
0000EAA0;TAPMV4.0;77SL4901488
0000EC0E;TAPMV4.0;77SL4800800
0000EAF8;TAPMV4.0;77SL4901947
0000E93D;TAPMV4.0;77SL4901125
0000E99F;TAPMV4.0;77SL4901063
0000E920;TAPMV4.0;77SL4901229
0000E8FF;TAPMV4.0;77SL4901219
0000E9F7;TAPMV4.0;77SL4901115
0000E945;TAPMV4.0;77SL4900967
0000E9D5;TAPMV4.0;77SL4901397
0000E8B0;TAPMV4.0;77SL4900078
0000E794;TAPMV4.0;77SL4900272
0000E658;TAPMV4.0;77SL4800299
0000E9C9;TAPMV4.0;77SL4901355
0000EA15;TAPMV4.0;77SL4901290
0000E730;TAPMV4.0;77SL4800506
0000E97A;TAPMV4.0;77SL4901026
0000EC0C;TAPMV4.0;77SL4800845
0000EAD6;TAPMV4.0;77SL4901927
0000E9D3;TAPMV4.0;77SL4901369
0000E99A;TAPMV4.0;77SL4901066
0000E9F2;TAPMV4.0;77SL4901118
0000E8ED;TAPMV4.0;77SL4901191
0000E961;TAPMV4.0;77SL4900997
0000E557;TAPMV4.0;77SL4800736
0000E526;TAPMV4.0;77SL4800708
0000E558;TAPMV4.0;77SL4800735
0000E96F;TAPMV4.0;77SL4901136
0000E883;TAPMV4.0;77SL4900453
0000E87D;TAPMV4.0;77SL4900463
0000E85C;TAPMV4.0;77SL4900386
0000E8D4;TAPMV4.0;77SL4900457
0000E7C0;TAPMV4.0;77SL4900785
0000E7C1;TAPMV4.0;77SL4900784
0000E922;TAPMV4.0;77SL4901184
0000E53C;TAPMV4.0;77SL4800742
0000E5BE;TAPMV4.0;77SL4800962
0000EA4C;TAPMV4.0;77SL4901382
0000E9EC;TAPMV4.0;77SL4901057
0000E7A9;TAPMV4.0;77SL4900203
0000E7A6;TAPMV4.0;77SL4900205
0000EA46;TAPMV4.0;77SL4901398
0000E821;TAPMV4.0;77SL4900293
0000E871;TAPMV4.0;77SL4900276
0000E82F;TAPMV4.0;77SL4900421
0000E9D1;TAPMV4.0;77SL4901365
0000E7F6;TAPMV4.0;77SL4900688
0000E9D6;TAPMV4.0;77SL4901396
0000EA78;TAPMV4.0;77SL4901333
0000E7AF;TAPMV4.0;77SL4900211
0000E7E8;TAPMV4.0;77SL4900377
0000EA27;TAPMV4.0;77SL4901297
0000E7BE;TAPMV4.0;77SL4900218
0000EA63;TAPMV4.0;77SL4901147
0000E899;TAPMV4.0;77SL4900840
0000E7BD;TAPMV4.0;77SL4900219
0000EB58;TAPMV4.0;77SL4901602
0000EB1E;TAPMV4.0;77SL4901900
0000EB10;TAPMV4.0;77SL4901882
0000EADD;TAPMV4.0;77SL4901916
0000EB85;TAPMV4.0;77SL4901795
0000EBA5;TAPMV4.0;77SL4901825
0000EB73;TAPMV4.0;77SL4901616
0000EB2E;TAPMV4.0;77SL4901567
0000EB33;TAPMV4.0;77SL4901566
0000EB09;TAPMV4.0;77SL4901892
0000EB8F;TAPMV4.0;77SL4901526
0000EADF;TAPMV4.0;77SL4901914
0000EAB8;TAPMV4.0;77SL4901469
0000EB1C;TAPMV4.0;77SL4901894
0000EADB;TAPMV4.0;77SL4901930
0000EAAF;TAPMV4.0;77SL4901510
0000EB34;TAPMV4.0;77SL4901569
0000EB32;TAPMV4.0;77SL4901571
0000EB86;TAPMV4.0;77SL4901793
0000EB8C;TAPMV4.0;77SL4901796
0000EAA1;TAPMV4.0;77SL4901501
0000EBE9;TAPMV4.0;77SL4901806
0000EBB8;TAPMV4.0;77SL4901849
0000EB16;TAPMV4.0;77SL4901873
0000EC8C;TAPMV4.0;77SL4901426
0000E971;TAPMV4.0;77SL4901037
0000EAAD;TAPMV4.0;77SL4901508
0000EB9D;TAPMV4.0;77SL4901593
0000EAE3;TAPMV4.0;77SL4901918
0000EB27;TAPMV4.0;77SL4901557
0000EAEA;TAPMV4.0;77SL4901907
0000EBBB;TAPMV4.0;77SL4901854
0000E7F3;TAPMV4.0;77SL4900693
0000E8A0;TAPMV4.0;77SL4900080
0000E7A7;TAPMV4.0;77SL4900204
0000E7AD;TAPMV4.0;77SL4900217
0000E7E7;TAPMV4.0;77SL4900378
0000E7EE;TAPMV4.0;77SL4900690
0000EB20;TAPMV4.0;77SL4901898
0000EAB2;TAPMV4.0;77SL4901505
0000EB68;TAPMV4.0;77SL4901623
0000EB55;TAPMV4.0;77SL4901605
0000EB99;TAPMV4.0;77SL4901589
0000EB6C;TAPMV4.0;77SL4901628
0000EB59;TAPMV4.0;77SL4901782
0000EB90;TAPMV4.0;77SL4901525
0000E816;TAPMV4.0;77SL4900407
0000EB8B;TAPMV4.0;77SL4901797
0000EBAB;TAPMV4.0;77SL4901827
0000EAE1;TAPMV4.0;77SL4901920
0000EBA7;TAPMV4.0;77SL4901800
0000EBAA;TAPMV4.0;77SL4901829
0000EBA8;TAPMV4.0;77SL4901598
0000EB17;TAPMV4.0;77SL4901874
0000EB8E;TAPMV4.0;77SL4901527
0000EB46;TAPMV4.0;77SL4901979
0000EB89;TAPMV4.0;77SL4901799
0000EB1A;TAPMV4.0;77SL4901896
0000EB56;TAPMV4.0;77SL4901604
0000EC8B;TAPMV4.0;77SL4901083
0000EB3C;TAPMV4.0;77SL4901576
0000EB6D;TAPMV4.0;77SL4901614
0000EB6A;TAPMV4.0;77SL4901627
0000EB0A;TAPMV4.0;77SL4901885
0000E7D1;TAPMV4.0;77SL4900230
0000E88B;TAPMV4.0;77SL4900855
0000E82C;TAPMV4.0;77SL4900416
0000E886;TAPMV4.0;77SL4900852
0000E892;TAPMV4.0;77SL4900830
0000EA38;TAPMV4.0;77SL4901303
0000EA3B;TAPMV4.0;77SL4901459
0000E87B;TAPMV4.0;77SL4900449
0000E99E;TAPMV4.0;77SL4901064
0000E806;TAPMV4.0;77SL4900350
0000E842;TAPMV4.0;77SL4900816
0000E549;TAPMV4.0;77SL4800690
0000E5AD;TAPMV4.0;77SL4800883
0000E808;TAPMV4.0;77SL4900240
0000E7DE;TAPMV4.0;77SL4900321
0000E52D;TAPMV4.0;77SL4800756
0000E590;TAPMV4.0;77SL4800819
0000E857;TAPMV4.0;77SL4900825
0000EABE;TAPMV4.0;77SL4901911
0000EABB;TAPMV4.0;77SL4901482
0000EAEB;TAPMV4.0;77SL4901906
0000EAE8;TAPMV4.0;77SL4901921
0000EBA2;TAPMV4.0;77SL4901596
0000EADA;TAPMV4.0;77SL4901931
0000EB38;TAPMV4.0;77SL4901570
0000EB18;TAPMV4.0;77SL4901876
0000EB4C;TAPMV4.0;77SL4901472
0000EAC7;TAPMV4.0;77SL4901971
0000EABA;TAPMV4.0;77SL4901467
0000EB51;TAPMV4.0;77SL4901601
0000EB44;TAPMV4.0;77SL4901976
0000EB0E;TAPMV4.0;77SL4901880
0000EAE9;TAPMV4.0;77SL4901908
0000EBA9;TAPMV4.0;77SL4901830
0000EA08;TAPMV4.0;77SL4901100
0000EC4D;TAPMV4.0;77SL4901263
0000EBA3;TAPMV4.0;77SL4901595
0000EB97;TAPMV4.0;77SL4901585
0000EB94;TAPMV4.0;77SL4901529
0000EB57;TAPMV4.0;77SL4901603
0000EB3A;TAPMV4.0;77SL4901578
0000EB50;TAPMV4.0;77SL4901475
0000EC70;TAPMV4.0;77SL4901436
0000E5C2;TAPMV4.0;77SL4800577
0000EB93;TAPMV4.0;77SL4901530
0000EAE4;TAPMV4.0;77SL4901917
0000EB66;TAPMV4.0;77SL4901625
0000EAC9;TAPMV4.0;77SL4901956
0000EAFE;TAPMV4.0;77SL4901937
0000EB91;TAPMV4.0;77SL4901532
0000EAA6;TAPMV4.0;77SL4901498
0000EBFC;TAPMV4.0;77SL4901819
0000EAC3;TAPMV4.0;77SL4901966
0000EB6F;TAPMV4.0;77SL4901612
0000EC12;TAPMV4.0;77SL4800889
0000EBEB;TAPMV4.0;77SL4901803
0000EB88;TAPMV4.0;77SL4901791
0000EC15;TAPMV4.0;77SL4800853
0000EA99;TAPMV4.0;77SL4901489
0000EAD8;TAPMV4.0;77SL4901925
0000EBD9;TAPMV4.0;77SL4901770
0000EA8E;TAPMV4.0;77SL4901470
0000EC40;TAPMV4.0;77SL4800652
0000EC1E;TAPMV4.0;77SL4901866
0000EBD6;TAPMV4.0;77SL4901765
0000EC22;TAPMV4.0;77SL4901867
0000EC4B;TAPMV4.0;77SL4901078
0000EACD;TAPMV4.0;77SL4901960
0000EBEC;TAPMV4.0;77SL4901802
0000EC46;TAPMV4.0;77SL4901074
0000EC7B;TAPMV4.0;77SL4901087
0000EBC7;TAPMV4.0;77SL4901536
0000EC48;TAPMV4.0;77SL4901071
0000EAF6;TAPMV4.0;77SL4901949
0000EC45;TAPMV4.0;77SL4901075
0000EBE4;TAPMV4.0;77SL4901775
0000EC02;TAPMV4.0;77SL4901751
0000EC76;TAPMV4.0;77SL4901091
0000EA93;TAPMV4.0;77SL4901519
0000EBE5;TAPMV4.0;77SL4901794
0000EBC6;TAPMV4.0;77SL4901537
0000EC6E;TAPMV4.0;77SL4901434
0000EC06;TAPMV4.0;77SL4800706
0000EA8D;TAPMV4.0;77SL4901522
0000EC25;TAPMV4.0;77SL4901752
0000EAA5;TAPMV4.0;77SL4901497
0000EBC8;TAPMV4.0;77SL4901535
0000EC30;TAPMV4.0;77SL4901757
0000EC7D;TAPMV4.0;77SL4901417
0000EC84;TAPMV4.0;77SL4901416
0000EC21;TAPMV4.0;77SL4901868
0000EC16;TAPMV4.0;77SL4800884
0000EBF0;TAPMV4.0;77SL4901808
0000EBA4;TAPMV4.0;77SL4901594
0000EB82;TAPMV4.0;77SL4901555
0000EAF5;TAPMV4.0;77SL4901950
0000EAB4;TAPMV4.0;77SL4901507
0000EB1F;TAPMV4.0;77SL4901899
0000EB7E;TAPMV4.0;77SL4901840
0000EB14;TAPMV4.0;77SL4901879
0000EC78;TAPMV4.0;77SL4901440
0000EBBC;TAPMV4.0;77SL4901853
0000EBB9;TAPMV4.0;77SL4901856
0000EBFE;TAPMV4.0;77SL4901747
0000EAF3;TAPMV4.0;77SL4901944
0000EAB5;TAPMV4.0;77SL4901465
0000EBD7;TAPMV4.0;77SL4901763
0000EC72;TAPMV4.0;77SL4901441
0000EB2D;TAPMV4.0;77SL4901568
0000EB76;TAPMV4.0;77SL4901553
0000EAF1;TAPMV4.0;77SL4901946
0000EAE2;TAPMV4.0;77SL4901919
0000EAD0;TAPMV4.0;77SL4901957
0000EBD0;TAPMV4.0;77SL4901544
0000EB37;TAPMV4.0;77SL4901573
0000EB36;TAPMV4.0;77SL4901574
0000EB49;TAPMV4.0;77SL4901973
0000EB96;TAPMV4.0;77SL4901584
0000EAB1;TAPMV4.0;77SL4901514
0000EBFF;TAPMV4.0;77SL4901824
0000EAB0;TAPMV4.0;77SL4901511
0000EC09;TAPMV4.0;77SL4800803
0000EC10;TAPMV4.0;77SL4800802
0000EAA4;TAPMV4.0;77SL4901504
0000EA9A;TAPMV4.0;77SL4901490
0000EB02;TAPMV4.0;77SL4901941
0000EAD1;TAPMV4.0;77SL4901924
0000EC1B;TAPMV4.0;77SL4800851
0000EBC2;TAPMV4.0;77SL4901789
0000E95B;TAPMV4.0;77SL4900977
